{
  "format_version": "1.20.10",
  "minecraft:recipe_shaped": {
    "description": {
    "identifier": "minecraft:lantern"
    },

    
    "tags": [ "crafting_table" ],
    "pattern": [
      "###",
      "#x#",
      "###"
    ],
    "key": {
      "#": {
        "item": "minecraft:iron_nugget"
      },
      "x": {
        "item": "raiyon:torch"
      }
    },
	"unlock": [
      {
        "item": "minecraft:iron_nugget"
      },
	  {
        "item": "minecraft:iron_ingot"
      }
    ],
    "result": {
      "item": "minecraft:lantern",
      "count": 1
    }
  }
}
