{
  "format_version": "1.20.10",
  "minecraft:recipe_shaped": {
    "description": {
    "identifier": "minecraft:lit_pumpkin"
    },

    
    "tags": [ "crafting_table" ],
    "pattern": [
      "A",
      "B"
    ],
    "key": {
      "A": {
        "item": "minecraft:carved_pumpkin"
      },
      "B": {
        "item": "raiyon:torch"
      }
    },
    "unlock": [
      {
        "item": "minecraft:carved_pumpkin"
      }
    ],
    "result": {
      "item": "minecraft:lit_pumpkin"
    }
  }
}
