{"format_version":"1.10.0","particle_effect":{"description":{"identifier":"minecraft:arrow_spell_emitter","basic_render_parameters":{"material":"particles_alpha","texture":"textures/particle/dust_small"}},"components":{"minecraft:emitter_rate_instant":{"num_particles":1},"minecraft:emitter_lifetime_once":{},"minecraft:emitter_shape_point":{"direction":["Math.random(-1,1)","Math.random(-1,1)","Math.random(-1,1)"]},"minecraft:particle_lifetime_expression":{"max_lifetime":"Math.random(0.3,1)"},"minecraft:particle_initial_spin":{"rotation":"math.random_integer(0,3)*90"},"minecraft:particle_initial_speed":"Math.random(0.2,0.7)+0.4","minecraft:particle_motion_dynamic":{"linear_drag_coefficient":2},"minecraft:particle_appearance_billboard":{"size":[0.125,0.125],"facing_camera_mode":"lookat_xyz","uv":{"texture_width":144,"texture_height":32,"flipbook":{"base_UV":[0,16],"size_UV":[16,16],"step_UV":[16,0],"frames_per_second":10,"max_frame":9,"stretch_to_lifetime":true}}},"minecraft:particle_appearance_tinting":{"color":["variable.color.r","variable.color.g","variable.color.b",1]}}}}