{"format_version":"1.10.0","particle_effect":{"description":{"identifier":"act:blaze_death","basic_render_parameters":{"material":"particles_blend","texture":"textures/particle/glowing_red"}},"curves":{"variable.scaling":{"type":"linear","input":"v.particle_age","horizontal_range":"v.particle_lifetime","nodes":[1,1,1,0.75,0]}},"components":{"minecraft:emitter_rate_instant":{"num_particles":6},"minecraft:emitter_lifetime_once":{"active_time":1},"minecraft:emitter_shape_point":{},"minecraft:particle_lifetime_expression":{"max_lifetime":"math.random(1,3)"},"minecraft:particle_initial_speed":6,"minecraft:particle_motion_dynamic":{"linear_acceleration":[0,1,0],"linear_drag_coefficient":5.5},"minecraft:particle_appearance_billboard":{"size":["0.32*v.scaling","0.32*v.scaling"],"facing_camera_mode":"rotate_xyz","uv":{"texture_width":16,"texture_height":16,"uv":[0,0],"uv_size":[16,16]}}}}}