{
	"format_version": "1.10.0",
	"particle_effect": {
		"description": {
			"identifier": "act:blaze_glow",
			"basic_render_parameters": {
				"material": "particles_blend",
				"texture": "textures/particle/particles"
			}
		},
		"components": {
			"minecraft:emitter_local_space": {
				"position": true
			},
			"minecraft:emitter_rate_instant": {
				"num_particles": 1
			},
			"minecraft:emitter_lifetime_once": {
				"active_time": 0.1
			},
			"minecraft:particle_lifetime_expression": {
				"expiration_expression": "!q.is_alive"
			},
			"minecraft:particle_appearance_billboard": {
				"size": ["q.is_on_screen ? 0.75", 0.75],
				"facing_camera_mode": "lookat_xyz",
				"uv": {
					"texture_width": 128,
					"texture_height": 128,
					"uv": [32, 16],
					"uv_size": [32, 32]
				}
			},
			"minecraft:particle_appearance_tinting": {
				"color": [1, 0.56, 0.15, 0.5]
			}
		}
	}
}