{
	"format_version": "1.10.0",
	"particle_effect": {
		"description": {
			"identifier": "act:brazier_soul",
			"basic_render_parameters": {
				"material": "particles_opaque",
				"texture": "textures/particle/z"
			}
		},
		"components": {
			"minecraft:emitter_rate_steady": {
				"spawn_rate": 40,
				"max_particles": 32
			},
			"minecraft:emitter_lifetime_expression": {
				"expiration_expression":"!q.is_item_name_any('slot.weapon.mainhand',0,'minecraft:soul_campfire')"
			},
			"minecraft:emitter_shape_box": {
				"half_dimensions": [0.3, 0, 0.3],
				"direction": [0, 1, 0],
				"offset": [0, 0.5, 0]
			},
			"minecraft:particle_lifetime_expression": {
				"max_lifetime": "math.random(0.25,0.75)"
			},
			"minecraft:particle_initial_speed": 1.5,
			"minecraft:particle_motion_dynamic": {},
			"minecraft:particle_appearance_billboard": {
				"size": ["math.max(v.particle_lifetime-v.particle_age,0.1)*0.2", "math.max(v.particle_lifetime-v.particle_age,0.1)*0.2"],
				"facing_camera_mode": "rotate_xyz",
				"uv": {
					"texture_width": 16,
					"texture_height": 16,
					"uv": [0, 0],
					"uv_size": [1, 1]
				}
			},
			"minecraft:particle_appearance_tinting": {
				"color": {
					"interpolant": "v.particle_age / v.particle_lifetime",
					"gradient": {
						"0.0": "#FFA4F8FF",
						"0.5": "#FF0C8BEB",
						"1.0": "#FF101D99"
					}
				}
			}
		}
	}
}