{
	"format_version": "1.10.0",
	"particle_effect": {
		"description": {
			"identifier": "act:chorus_pop",
			"basic_render_parameters": {
				"material": "particles_opaque",
				"texture": "textures/particle/z"
			}
		},
		"curves": {
			"variable.scaling": {
				"type": "linear",
				"input": "v.particle_age",
				"horizontal_range": "v.particle_lifetime",
				"nodes": [0.2, 0.24, 0.1, 0, 0]
			}
		},
		"components": {
			"minecraft:emitter_rate_instant": {
				"num_particles": 6
			},
			"minecraft:emitter_lifetime_once": {
				"active_time": 0.1
			},
			"minecraft:emitter_shape_sphere": {
				"offset": [0, -0.6, 0],
				"radius": 2.2,
				"surface_only": true,
				"direction": "inwards"
			},
			"minecraft:particle_lifetime_expression": {
				"max_lifetime": 0.25
			},
			"minecraft:particle_initial_speed": 24,
			"minecraft:particle_motion_dynamic": {
				"linear_drag_coefficient": 7
			},
			"minecraft:particle_appearance_billboard": {
				"size": ["variable.scaling+0.026", 0.026],
				"facing_camera_mode": "lookat_direction",
				"uv": {
					"texture_width": 11,
					"texture_height": 11,
					"uv": [0, 0],
					"uv_size": [1, 1]
				}
			},
			"minecraft:particle_appearance_tinting": {
				"color": [1, "1-v.particle_age*3.3", 1, 1]
			}
		}
	}
}