{
	"format_version": "1.10.0",
	"particle_effect": {
		"description": {
			"identifier": "act:combust_spider",
			"basic_render_parameters": {
				"material": "particles_alpha",
				"texture": "textures/particle/dust"
			}
		},
		"components": {
			"minecraft:emitter_rate_instant": {
				"num_particles": 9
			},
			"minecraft:emitter_lifetime_once": {
				"active_time": 1
			},
			"minecraft:emitter_shape_box": {
				"offset": [0, 0.25, "0-q.modified_move_speed*0.6"],
				"half_dimensions": [0.24, 0.15, 0.4],
				"surface_only": true,
				"direction": "inwards"
			},
			"minecraft:particle_lifetime_expression": {
				"max_lifetime": 1
			},
			"minecraft:particle_initial_spin": {
				"rotation": "math.random_integer(0,3)*90"
			},
			"minecraft:particle_initial_speed": 8,
			"minecraft:particle_motion_dynamic": {
				"linear_acceleration": [0, 1.5, 0],
				"linear_drag_coefficient": 5
			},
			"minecraft:particle_appearance_billboard": {
				"size": [0.32, 0.32],
				"facing_camera_mode": "lookat_xyz",
				"uv": {
					"texture_width": 144,
					"texture_height": 32,
					"flipbook": {
						"base_UV": [0, "math.round(v.particle_random_1)*16"],
						"size_UV": [16, 16],
						"step_UV": [16, 0],
						"max_frame": 9,
						"stretch_to_lifetime": true
					}
				}
			},
			"minecraft:particle_appearance_tinting": {
				"color": [0.42353, 0.31765, 0.31765, 1]
			}
		}
	}
}