{"format_version":"1.10.0","particle_effect":{"description":{"identifier":"act:creeper_charge","basic_render_parameters":{"material":"particles_blend","texture":"textures/particle/particles"}},"curves":{"variable.scaling":{"type":"linear","input":"v.particle_age","horizontal_range":"v.particle_lifetime","nodes":[0.2,0.9,1,1,0.8,0]}},"components":{"minecraft:emitter_rate_steady":{"spawn_rate":24,"max_particles":48},"minecraft:emitter_lifetime_expression":{"expiration_expression":"q.swelling_dir!=1"},"minecraft:emitter_shape_disc":{"offset":[0,"math.random(-0.2,0.2)",0],"radius":2.5,"surface_only":true,"direction":"inwards"},"minecraft:particle_lifetime_expression":{"max_lifetime":0.6,"expiration_expression":"!q.is_alive"},"minecraft:particle_initial_speed":5.5,"minecraft:particle_motion_dynamic":{"linear_drag_coefficient":1},"minecraft:particle_appearance_billboard":{"size":["0.1*variable.scaling","0.1*variable.scaling"],"facing_camera_mode":"rotate_xyz","uv":{"texture_width":128,"texture_height":128,"uv":[16,80],"uv_size":[8,8]}}}}}