{
	"format_version": "1.10.0",
	"particle_effect": {
		"description": {
			"identifier": "act:creeper_explosion_roks",
			"basic_render_parameters": {
				"material": "particles_alpha",
				"texture": "textures/particle/particles"
			}
		},
		"curves": {
			"variable.scaling": {
				"type": "linear",
				"input": "v.particle_age",
				"horizontal_range": "v.particle_lifetime",
				"nodes": [1, 0.42, 0.17, 0.05, 0.02, 0.01, 0]
			}
		},
		"components": {
			"minecraft:emitter_rate_instant": {
				"num_particles": 10
			},
			"minecraft:emitter_lifetime_expression": {
				"activation_expression": "query.swell_amount>1.035",
				"expiration_expression": "v.emitter_age>2"
			},
			"minecraft:emitter_shape_point": {
				"direction": ["math.random(-0.4,0.4)", "v.particle_random_1", "math.random(-0.4,0.4)"]
			},
			"minecraft:particle_lifetime_expression": {
				"max_lifetime": "0.75+v.particle_random_1*0.75"
			},
			"minecraft:particle_initial_speed": "40*v.particle_random_1",
			"minecraft:particle_motion_dynamic": {
				"linear_acceleration": [0, "-20-variable.particle_age*30", 0],
				"linear_drag_coefficient": "2-v.particle_random_1"
			},
			"minecraft:particle_appearance_billboard": {
				"size": ["variable.scaling*1.6", "q.swell_amount==0?(1-v.particle_age/v.particle_lifetime)*0.12:0"],
				"facing_camera_mode": "lookat_direction",
				"uv": {
					"texture_width": 128,
					"texture_height": 128,
					"uv": [50, 90],
					"uv_size": [5, 5]
				}
			},
			"minecraft:particle_appearance_tinting": {
				"color": {
					"interpolant": "v.particle_age/v.particle_lifetime",
					"gradient": {
						"0.15": "#FFFFFFFF",
						"0.3": "#FFFCD825",
						"0.5": "#FFB63D22",
						"1.0": "#FF4F3939"
					}
				}
			}
		}
	}
}