{"format_version":"1.10.0","particle_effect":{"description":{"identifier":"minecraft:critical_hit_emitter","basic_render_parameters":{"material":"particles_opaque","texture":"textures/particle/z"}},"curves":{"variable.scaling":{"type":"linear","input":"v.particle_age","horizontal_range":"v.particle_lifetime","nodes":[0.38,0.16,0,0]}},"components":{"minecraft:emitter_rate_instant":{"num_particles":6},"minecraft:emitter_lifetime_once":{"active_time":0.1},"minecraft:emitter_shape_point":{"offset":[0,-0.75,0]},"minecraft:particle_lifetime_expression":{"max_lifetime":"math.random(0.2,0.45)"},"minecraft:particle_initial_speed":9,"minecraft:particle_motion_dynamic":{"linear_drag_coefficient":4.4},"minecraft:particle_appearance_billboard":{"size":["math.round(variable.scaling*7)*0.1428+0.026",0.026],"facing_camera_mode":"lookat_direction","uv":{"texture_width":11,"texture_height":11,"uv":[0,0],"uv_size":[1,1]}}}}}