{"format_version":"1.10.0","particle_effect":{"description":{"identifier":"act:dust_sniffer_scale","basic_render_parameters":{"material":"particles_alpha","texture":"textures/particle/campfire_smoke"}},"curves":{"variable.scaling":{"type":"linear","input":"v.particle_age","horizontal_range":"v.particle_lifetime","nodes":[0.5,1,1,0.92,0.81,0.63,0.4,0.22,0.09,0]}},"components":{"minecraft:emitter_rate_instant":{"num_particles":10},"minecraft:emitter_lifetime_once":{"active_time":0.1},"minecraft:emitter_shape_box":{"offset":[0,0.1,-0.2],"half_dimensions":["q.is_baby?0.02:0.5",0,"q.is_baby?0.04:1"],"direction":"outwards"},"minecraft:particle_lifetime_expression":{"max_lifetime":"math.random(0.3,0.8)"},"minecraft:particle_expire_if_not_in_blocks":["minecraft:air"],"minecraft:particle_initial_speed":"q.is_baby?8:10","minecraft:particle_motion_dynamic":{"linear_drag_coefficient":"q.is_baby?6:5"},"minecraft:particle_appearance_billboard":{"size":["(q.is_baby?0.25:0.36)*math.round(v.scaling*5)*0.2","(q.is_baby?0.25:0.36)*math.round(v.scaling*5)*0.2"],"facing_camera_mode":"lookat_xyz","uv":{"texture_width":16,"texture_height":192,"flipbook":{"base_UV":[0,"math.round(v.particle_random_1*5)*16"],"size_UV":[16,16],"step_UV":[0,16],"max_frame":5,"stretch_to_lifetime":true}}},"minecraft:particle_appearance_lighting":{},"minecraft:particle_appearance_tinting":{"color":[1,1,1,1]}}}}