{"format_version":"1.10.0","particle_effect":{"description":{"identifier":"act:dust_medium","basic_render_parameters":{"material":"particles_blend","texture":"textures/particle/dust_small"}},"components":{"minecraft:emitter_rate_instant":{"num_particles":8},"minecraft:emitter_lifetime_once":{"active_time":0.1},"minecraft:emitter_shape_disc":{"offset":[0,-0.04,-0.5],"radius":0.2,"direction":"inwards"},"minecraft:particle_lifetime_expression":{"max_lifetime":"math.random(0.4,0.8)"},"minecraft:particle_expire_if_not_in_blocks":["minecraft:air"],"minecraft:particle_initial_spin":{"rotation":"math.random_integer(0,3)*90"},"minecraft:particle_initial_speed":7,"minecraft:particle_motion_dynamic":{"linear_drag_coefficient":5},"minecraft:particle_appearance_billboard":{"size":[0.3,0.3],"facing_camera_mode":"rotate_xyz","uv":{"texture_width":144,"texture_height":32,"flipbook":{"base_UV":[0,16],"size_UV":[16,16],"step_UV":[16,0],"max_frame":9,"stretch_to_lifetime":true}}},"minecraft:particle_appearance_lighting":{},"minecraft:particle_appearance_tinting":{"color":[0.82745,0.77255,0.68235,0.45]}}}}