{"format_version":"1.10.0","particle_effect":{"description":{"identifier":"act:dust_large","basic_render_parameters":{"material":"particles_alpha","texture":"textures/particle/dust"}},"components":{"minecraft:emitter_rate_instant":{"num_particles":9},"minecraft:emitter_lifetime_once":{"active_time":0.1},"minecraft:emitter_shape_box":{"offset":[0,-0.05,-0.5],"half_dimensions":[0.65,0,1],"surface_only":true,"direction":"outwards"},"minecraft:particle_lifetime_expression":{"max_lifetime":"math.random(0.4,0.8)"},"minecraft:particle_expire_if_not_in_blocks":["minecraft:air"],"minecraft:particle_initial_spin":{"rotation":"math.random_integer(0,3)*90"},"minecraft:particle_initial_speed":8,"minecraft:particle_motion_dynamic":{"linear_drag_coefficient":4.5},"minecraft:particle_appearance_billboard":{"size":[0.35,0.35],"facing_camera_mode":"lookat_xyz","uv":{"texture_width":144,"texture_height":32,"flipbook":{"base_UV":[16,"math.round(variable.particle_random_2*0.8)*16"],"size_UV":[16,16],"step_UV":[16,0],"max_frame":8,"stretch_to_lifetime":true}}},"minecraft:particle_appearance_lighting":{},"minecraft:particle_appearance_tinting":{"color":[0.82745,0.77255,0.68235,1]}}}}