{
	"format_version": "1.10.0",
	"particle_effect": {
		"description": {
			"identifier": "act:evoker_death",
			"basic_render_parameters": {
				"material": "particles_alpha",
				"texture": "textures/particle/dust"
			}
		},
		"components": {
			"minecraft:emitter_rate_instant": {
				"num_particles": 20
			},
			"minecraft:emitter_lifetime_once": {
				"active_time": 1
			},
			"minecraft:emitter_shape_point": {
				"offset": ["variable.is_vertical=Math.Random(0.0,1.0)>0.7;return0.0;", 0.1, 0],
				"direction": ["(variable.is_vertical>0?0.35:1.0)*Math.random(-1,1)", "(variable.is_vertical>0?4.0:0.25)*Math.random(0,2)", "(variable.is_vertical>0?0.35:1.0)*Math.random(-1,1)"]
			},
			"minecraft:particle_lifetime_expression": {
				"max_lifetime": "Math.random(0.5,1.5)"
			},
			"minecraft:particle_initial_spin": {
				"rotation": "math.random_integer(0,3)*90"
			},
			"minecraft:particle_initial_speed": "variable.is_vertical>0?math.random_integer(6,12):5",
			"minecraft:particle_motion_dynamic": {
				"linear_drag_coefficient": 4.5
			},
			"minecraft:particle_appearance_billboard": {
				"size": [0.35, 0.35],
				"facing_camera_mode": "lookat_xyz",
				"uv": {
					"texture_width": 144,
					"texture_height": 32,
					"flipbook": {
						"base_UV": [0, 0],
						"size_UV": [16, 16],
						"step_UV": [16, 0],
						"max_frame": 9,
						"stretch_to_lifetime": true
					}
				}
			},
			"minecraft:particle_appearance_tinting": {
				"color": {
					"interpolant": "v.particle_age/v.particle_lifetime",
					"gradient": {
						"0.2": "#ffffffff",
						"0.4": "#FF252525"
					}
				}
			}
		}
	}
}