{
	"format_version": "1.10.0",
	"particle_effect": {
		"description": {
			"identifier": "act:evoker_spell_1",
			"basic_render_parameters": {
				"material": "particles_blend",
				"texture": "textures/particle/glowing"
			}
		},
		"curves": {
			"variable.scaling": {
				"type": "linear",
				"input": "v.particle_age",
				"horizontal_range": "v.particle_lifetime",
				"nodes": [0.5, 1, 1, 1, 0.92, 0.74, 0.25]
			}
		},
		"components": {
			"minecraft:emitter_rate_steady": {
				"spawn_rate": 9,
				"max_particles": 16
			},
			"minecraft:emitter_lifetime_once": {
				"active_time": 1.2
			},
			"minecraft:emitter_shape_box": {
				"offset": [0, 0.1, 0],
				"half_dimensions": [0.16, 0, 0.16],
				"direction": ["math.random(-0.5,0.5)", "math.random(0.5,1)", "math.random(-0.5,0.5)"]
			},
			"minecraft:particle_lifetime_expression": {
				"max_lifetime": "Math.random(0.8,1.4)"
			},
			"minecraft:particle_initial_speed": 1,
			"minecraft:particle_motion_dynamic": {
				"linear_drag_coefficient": 1
			},
			"minecraft:particle_appearance_billboard": {
				"size": ["0.2*v.scaling", "0.2*v.scaling"],
				"facing_camera_mode": "lookat_xyz",
				"uv": {
					"texture_width": 16,
					"texture_height": 16,
					"uv": [0, 0],
					"uv_size": [16, 16]
				}
			},
			"minecraft:particle_appearance_tinting": {
				"color": {
					"interpolant": "v.particle_age/v.particle_lifetime",
					"gradient": {
						"0.08": "#FFFFFFFF",
						"0.47": "#FFFFD474",
						"1.0": "#7AFFA648"
					}
				}
			}
		}
	}
}