{
  "format_version":"1.10.0",
  "minecraft:attachable":{
    "description":{
      "identifier":"minecraft:sweet_berries",
      "materials":{"default":"entity","sheet":"entity_alphatest"},
      "textures":{
	"default":"textures/models/held_item/food/sweet_berries"
      },
      "geometry":{
	"default":"geometry.berries"
      },
      "animations":{
	"3rd":"animation.item.flat",
	"3rd_eat":"animation.item.slice_eat",
	"1st":"animation.item.first_person_flat",
	"1st_eat":"animation.item.first_person_flat_eat",
	"eating_controller":"controller.animation.eating"
      },
      "render_controllers":["controller.render.item_act"],
      "scripts":{
	"animate":[
	  {"3rd":"!c.is_first_person"},
	  {"1st":"c.is_first_person"},
	  "eating_controller"
	]
      }
    }
  }
}
