{
  "format_version":"1.10.0",
  "minecraft:attachable":{
    "description":{
      "identifier":"minecraft:glistering_melon_slice",
      "materials":{
	"default":"entity_emissive"
      },
      "textures":{
	"default":"textures/models/held_item/food/shiny_melon"
      },
      "geometry":{
	"default":"geometry.watermelon_slice"
      },
      "render_controllers":["controller.render.default"],
      "animations":{
	"3rd":"animation.item.slice",
	"1st":"animation.item.first_person_slice",
	"particles":"controller.animation.item.particles"
      },
      "scripts":{
	"animate":[
	  {"3rd":"!c.is_first_person"},
	  {"1st":"c.is_first_person"},
	  "particles"
	]
      },
      "particle_effects":{"eff":"act:shiny_item"}
    }
  }
}
