{"format_version":"1.8.0","geometry.allay_anim":{"texturewidth":32,"textureheight":32,"bones":[{"name":"root","pivot":[0,0,0]},{"name":"body","parent":"root","pivot":[0,5,0],"cubes":[{"origin":[-1.5,2,-1],"size":[3,3,2],"uv":[0,10]},{"origin":[-1.5,0,-1],"size":[3,4,2],"uv":[0,17],"inflate":-0.2}],"locators":{"lead":[0,6,0]}},{"name":"head","parent":"body","pivot":[0,5,0],"cubes":[{"origin":[-2.5,5.01,-2.5],"size":[5,5,5],"uv":[0,0]}]},{"name":"eye","parent":"head","pivot":[0,6.5,-2.65],"cubes":[{"origin":[-1.5,6,-2.65],"size":[3,2,0],"uv":[15,0]}]},{"name":"rightarm","parent":"root","pivot":[-2,4.5,0],"cubes":[{"origin":[-2.5,1,-1],"size":[1,4,2],"uv":[23,0]}]},{"name":"rightItem","parent":"rightarm","pivot":[-2,2.5,0],"locators":{"lead_hold":[-2,2.5,0]}},{"name":"leftarm","parent":"root","pivot":[2,4.5,0],"cubes":[{"origin":[1.5,1,-1],"size":[1,4,2],"uv":[23,6]}]},{"name":"leftwing","parent":"root","pivot":[1,5,1],"cubes":[{"origin":[1,0,1],"size":[8,5,0],"uv":[16,22],"mirror":true}]},{"name":"rightwing","parent":"root","pivot":[-1,5,1],"cubes":[{"origin":[-9,0,1],"size":[8,5,0],"uv":[16,22]}]}]}}