{"format_version":"1.12.0","minecraft:geometry":[{"description":{"identifier":"geometry.dillo_anim","texture_width":64,"texture_height":64},"bones":[{"name":"root","pivot":[0,0,0]},{"name":"body_rolled","parent":"root","pivot":[0,5,0],"cubes":[{"origin":[-5,0,-5],"size":[10,10,10],"uv":[0,0]}]},{"name":"body","parent":"root","pivot":[0,6,0],"locators":{"lead":[0,5,-6]}},{"name":"head","parent":"body","pivot":[0,5,-6],"cubes":[{"origin":[-1.5,1,-8],"size":[3,5,2],"pivot":[0,5,-6],"rotation":[-20,0,0],"uv":[43,15]}]},{"name":"left_ear","parent":"head","pivot":[1.5,5.5,-7.5],"rotation":[0,12,0],"cubes":[{"origin":[1.5,5,-7.6],"size":[2,4,0],"uv":[47,10]}]},{"name":"right_ear","parent":"head","pivot":[-1.5,5.5,-7.5],"cubes":[{"origin":[-3.5,5,-7.6],"size":[2,4,0],"pivot":[-1.5,5.5,-7.5],"rotation":[0,-12,0],"uv":[43,10]}]},{"name":"centroid","parent":"body","pivot":[0,6,0],"cubes":[{"origin":[-4,2,-6],"size":[8,8,12],"inflate":0.3,"uv":[0,20]},{"origin":[-4,2,-6],"size":[8,8,12],"uv":[0,40]}]},{"name":"tail","parent":"body","pivot":[0,6.25,6],"cubes":[{"origin":[-0.5,0.25,5.5],"size":[1,6,1],"uv":[44,53]}]},{"name":"fr_leg","parent":"root","pivot":[-2,3,-4],"cubes":[{"origin":[-3,0,-5],"size":[2,3,2],"uv":[51,43]}]},{"name":"fl_leg","parent":"root","pivot":[2,3,-4],"cubes":[{"origin":[1,0,-5],"size":[2,3,2],"uv":[42,43]}]},{"name":"bl_leg","parent":"root","pivot":[2,3,4],"cubes":[{"origin":[1,0,3],"size":[2,3,2],"uv":[42,31]}]},{"name":"br_leg","parent":"root","pivot":[-2,3,4],"cubes":[{"origin":[-3,0,3],"size":[2,3,2],"uv":[51,31]}]}]}]}