{"format_version":"1.12.0","minecraft:geometry":[{"description":{"identifier":"geometry.axolotl_anim","texture_width":64,"texture_height":64,"visible_bounds_width":4,"visible_bounds_height":1.25,"visible_bounds_offset":[0,0.625,0]},"bones":[{"name":"root","pivot":[0,0,0]},{"name":"body","parent":"root","pivot":[0,2.5,0],"cubes":[{"origin":[-4,0,-4.5],"size":[8,4,10],"uv":[0,11]}],"locators":{"lead":[0,0,-4.5]}},{"name":"dorsal_fin","parent":"body","pivot":[0,4,0],"cubes":[{"origin":[0,4,-4.5],"size":[0,1,9],"uv":[2,17]}]},{"name":"head","parent":"body","pivot":[0,2,-4.5],"reset":true,"cubes":[{"origin":[-4,0,-9.5],"size":[8,5,5],"uv":[0,1]}]},{"name":"left_gills","parent":"head","pivot":[4,2,-5.5],"cubes":[{"origin":[4,0,-5.5],"size":[3,7,0],"uv":[11,40]}]},{"name":"right_gills","parent":"head","pivot":[-4,2,-5.5],"cubes":[{"origin":[-7,0,-5.5],"size":[3,7,0],"uv":[0,40]}]},{"name":"top_gills","parent":"head","pivot":[0,5,-5.5],"cubes":[{"origin":[-4,5,-5.5],"size":[8,3,0],"uv":[3,37]}]},{"name":"left_arm","parent":"body","pivot":[4,1,-4],"cubes":[{"origin":[4,-4,-5.5],"size":[0,5,3],"uv":[2,10],"mirror":true}]},{"name":"right_arm","parent":"body","pivot":[-4,1,-4],"cubes":[{"origin":[-4,-4,-5.5],"size":[0,5,3],"uv":[2,10]}]},{"name":"right_leg","parent":"body","pivot":[-4,1,4],"cubes":[{"origin":[-4,-4,2.5],"size":[0,5,3],"uv":[2,10]}]},{"name":"left_leg","parent":"body","pivot":[4,1,4],"cubes":[{"origin":[4,-4,2.5],"size":[0,5,3],"uv":[2,10],"mirror":true}]},{"name":"tail","parent":"body","pivot":[0,2,4.5],"cubes":[{"origin":[0,0,4.5],"size":[0,5,12],"uv":[2,19]}]}]}]}