{"format_version":"1.16.0","minecraft:geometry":[{"description":{"identifier":"geometry.block","texture_width":16,"texture_height":16},"bones":[{"name":"block","pivot":[0,0,0],"binding":"q.item_slot_to_bone_name(c.item_slot)","cubes":[{"origin":[-6,0,-6],"size":[12,12,12],"uv":{"north":{"uv":[2,0],"uv_size":[12,12]},"east":{"uv":[2,4],"uv_size":[12,12]},"south":{"uv":[2,0],"uv_size":[12,12]},"west":{"uv":[2,4],"uv_size":[12,12]},"up":{"uv":[2,0],"uv_size":[12,12]},"down":{"uv":[2,12],"uv_size":[12,-12]}}}]}]},{"description":{"identifier":"geometry.bluk","texture_width":24,"texture_height":24},"bones":[{"name":"block","pivot":[0,0,0],"binding":"q.item_slot_to_bone_name(c.item_slot)","cubes":[{"origin":[-6,0,-6],"size":[12,12,12],"uv":{"north":{"uv":[0,12],"uv_size":[12,12]},"east":{"uv":[12,12],"uv_size":[12,12]},"south":{"uv":[12,12],"uv_size":[12,12]},"west":{"uv":[12,12],"uv_size":[12,12]},"up":{"uv":[0,0],"uv_size":[12,12]},"down":{"uv":[12,12],"uv_size":[12,-12]}}}]}]},{"description":{"identifier":"geometry.blukhed","texture_width":12,"texture_height":12},"bones":[{"name":"block","pivot":[0,0,0],"binding":"q.item_slot_to_bone_name(c.item_slot)","cubes":[{"origin":[-6,0,-6],"size":[12,12,12],"uv":{"north":{"uv":[0,6],"uv_size":[6,6]},"east":{"uv":[6,6],"uv_size":[6,6]},"south":{"uv":[6,6],"uv_size":[6,6]},"west":{"uv":[6,6],"uv_size":[6,6]},"up":{"uv":[0,0],"uv_size":[6,6]},"down":{"uv":[6,6],"uv_size":[6,-6]}}},{"origin":[-1,12,-1],"size":[2,3,2],"uv":{"north":{"uv":[2.5,2.5],"uv_size":[1,1.5]},"east":{"uv":[2.5,2.5],"uv_size":[1,1.5]},"south":{"uv":[2.5,2.5],"uv_size":[1,1.5]},"west":{"uv":[2.5,2.5],"uv_size":[1,1.5]},"up":{"uv":[3.5,3.5],"uv_size":[-1,-1]}}}]}]},{"description":{"identifier":"geometry.cactus","texture_width":24,"texture_height":24},"bones":[{"name":"block","pivot":[0,0,0],"binding":"q.item_slot_to_bone_name(c.item_slot)","cubes":[{"origin":[-5,0,-5],"size":[10,12,10],"uv":{"north":{"uv":[1,12],"uv_size":[10,12]},"east":{"uv":[1,12],"uv_size":[10,12]},"south":{"uv":[1,12],"uv_size":[10,12]},"west":{"uv":[1,12],"uv_size":[10,12]},"up":{"uv":[1,1],"uv_size":[10,10]},"down":{"uv":[13,11],"uv_size":[10,-10]}}}]}]},{"description":{"identifier":"geometry.carpet","texture_width":16,"texture_height":16},"bones":[{"name":"block","pivot":[0,0,0],"binding":"q.item_slot_to_bone_name(c.item_slot)","cubes":[{"origin":[-6,5,-6],"size":[12,1,12],"uv":{"north":{"uv":[0,0],"uv_size":[12,1]},"east":{"uv":[0,0],"uv_size":[12,1]},"south":{"uv":[0,0],"uv_size":[12,1]},"west":{"uv":[0,0],"uv_size":[12,1]},"up":{"uv":[12,12],"uv_size":[-12,-12]},"down":{"uv":[12,12],"uv_size":[-12,-12]}}}]}]},{"description":{"identifier":"geometry.awning","texture_width":32,"texture_height":18},"bones":[{"name":"prop","pivot":[0,0,0],"cubes":[{"origin":[-8.05,-8.9,-8.25],"size":[16.1,9,16.25],"uv":{"north":{"uv":[16,0],"uv_size":[16,9]},"east":{"uv":[16,9],"uv_size":[16,9]},"west":{"uv":[32,9],"uv_size":[-16,9]},"up":{"uv":[0,0],"uv_size":[16,16]}}}]}]},{"description":{"identifier":"geometry.cover","texture_width":32,"texture_height":16},"bones":[{"name":"prop","pivot":[0,0,0],"cubes":[{"origin":[-8,-8.1,-8],"size":[16,8,16],"inflate":0.25,"pivot":[0,0,0],"rotation":[0,-0.1,0.1],"uv":{"north":{"uv":[16,8],"uv_size":[16,8]},"east":{"uv":[16,0],"uv_size":[16,8]},"south":{"uv":[32,8],"uv_size":[-16,8]},"west":{"uv":[32,0],"uv_size":[-16,8]},"up":{"uv":[0,0],"uv_size":[16,16]}}}]}]},{"description":{"identifier":"geometry.flat_layer","texture_width":32,"texture_height":32},"bones":[{"name":"prop","pivot":[0,0,0],"cubes":[{"origin":[-16,0.1,-16],"size":[32,0,32],"pivot":[0,0,0],"rotation":[0,-45,0],"uv":{"up":{"uv":[32,32],"uv_size":[-32,-32]}}}]}]},{"description":{"identifier":"geometry.prop_cake","texture_width":20,"texture_height":20,"visible_bounds_width":2,"visible_bounds_height":2.5,"visible_bounds_offset":[0,0.75,0]},"bones":[{"name":"block","pivot":[0,0,0],"binding":"q.item_slot_to_bone_name('main_hand')","cubes":[{"origin":[-5,0,-5],"size":[10,5,10],"uv":{"north":{"uv":[0,10],"uv_size":[10,5]},"east":{"uv":[10,10],"uv_size":[10,5]},"south":{"uv":[10,10],"uv_size":[-10,5]},"west":{"uv":[20,10],"uv_size":[-10,5]},"down":{"uv":[10,10],"uv_size":[10,-10]}}},{"origin":[-5,2.25,-5],"size":[10,3,10],"inflate":0.25,"uv":{"north":{"uv":[10,15],"uv_size":[10,3]},"east":{"uv":[0,15],"uv_size":[10,3]},"south":{"uv":[20,15],"uv_size":[-10,3]},"west":{"uv":[10,15],"uv_size":[-10,3]},"up":{"uv":[0,0],"uv_size":[10,10]}}}]},{"name":"top","parent":"block","pivot":[0,0,0],"cubes":[{"origin":[-3,5,-3],"size":[6,4,6],"uv":{"north":{"uv":[10,11],"uv_size":[6,4]},"east":{"uv":[10,11],"uv_size":[6,4]},"south":{"uv":[10,11],"uv_size":[6,4]},"west":{"uv":[10,11],"uv_size":[6,4]}}},{"origin":[-3,7,-3],"size":[6,2,6],"inflate":0.25,"uv":{"north":{"uv":[8,18],"uv_size":[6,2]},"east":{"uv":[8,18],"uv_size":[6,2]},"south":{"uv":[8,18],"uv_size":[6,2]},"west":{"uv":[8,18],"uv_size":[6,2]},"up":{"uv":[6,6],"uv_size":[-6,-6]}}}]}]}]}