{"format_version":"1.8.0","geometry.cat_anim":{"texturewidth":44,"textureheight":22,"visible_bounds_width":4,"visible_bounds_height":2.5,"visible_bounds_offset":[0,0.75,0],"bones":[{"name":"root","pivot":[0,0,0]},{"name":"backLegL","parent":"root","pivot":[1.1,8,5.5],"cubes":[{"origin":[0.1,0,4.5],"size":[2,6,2],"uv":[8,13]}]},{"name":"backLegR","parent":"root","pivot":[-1.1,8,5.5],"cubes":[{"origin":[-2.1,0,4.5],"size":[2,6,2],"uv":[8,13]}]},{"name":"frontLegL","parent":"root","pivot":[1.2,8,-5.5],"cubes":[{"origin":[0.2,0,-6.5],"size":[2,10,2],"uv":[16,10]}]},{"name":"frontLegR","parent":"root","pivot":[-1.2,8,-5.5],"cubes":[{"origin":[-2.2,0,-6.5],"size":[2,10,2],"uv":[16,10]}]},{"name":"body","parent":"root","pivot":[0,7,-0.5]},{"name":"centroid","parent":"body","pivot":[0,7,-0.5],"rotation":[90,0,0],"cubes":[{"origin":[-2,-1,-3.5],"size":[4,16,6],"uv":[24,0]}]},{"name":"tail","parent":"centroid","pivot":[0,0,1.5],"cubes":[{"origin":[-0.5,-8,1.5],"size":[1,8,1],"uv":[0,13]}]},{"name":"tail_end","parent":"tail","pivot":[0,-8,1.5],"cubes":[{"origin":[-0.5,-16,1.5],"size":[1,8,1],"uv":[4,13]}]},{"name":"head","parent":"body","pivot":[0,9,-9],"cubes":[{"origin":[-2.5,7,-13.5],"size":[5,4,5],"uv":[0,0]},{"origin":[-1.5,7.01562,-14.5],"size":[3,2,1],"uv":[10,9]},{"origin":[-2.5,8.75,-13.35],"size":[5,1.5,0],"uv":[15,0]}],"locators":{"lead":[0,9,-8.5]}},{"name":"blink","parent":"head","pivot":[0,9,-10.5],"cubes":[{"origin":[-2.5,8.975,-10.5],"size":[5,1.05,0],"uv":[15,1]}]},{"name":"left_eye","parent":"head","pivot":[1,9.5,-13.4],"cubes":[{"origin":[0.5,8.75,-13.4],"size":[1,1.5,0],"uv":[17,2]}]},{"name":"right_eye","parent":"head","pivot":[-1,9.5,-13.4],"cubes":[{"origin":[-1.5,8.75,-13.4],"size":[1,1.5,0],"uv":[15,2]}]},{"name":"leftEar","parent":"head","pivot":[1.5,11,-9.5],"cubes":[{"origin":[1,11,-10.5],"size":[1,1,2],"uv":[6,10]}]},{"name":"rightEar","parent":"head","pivot":[-1.5,11,-9.5],"cubes":[{"origin":[-2,11,-10.5],"size":[1,1,2],"uv":[0,10]}]}]}}