{"format_version":"1.8.0","geometry.dolphin_anim":{"texturewidth":64,"textureheight":64,"visible_bounds_width":4,"visible_bounds_height":2.5,"visible_bounds_offset":[0,0.75,0],"bones":[{"name":"root","pivot":[0,0,0]},{"name":"body","parent":"root","pivot":[0,3,0],"cubes":[{"origin":[-4,0,-6],"size":[8,7,13],"uv":[0,13]}]},{"name":"head","parent":"body","pivot":[0,3.5,-6],"locators":{"lead":[0,3.5,-6]}},{"name":"nose","parent":"head","pivot":[0,1,-12],"cubes":[{"origin":[-1,0,-16],"size":[2,2,4],"uv":[0,13]}]},{"name":"stare","parent":"head","pivot":[0,3.5,-6],"cubes":[{"origin":[-4,0,-12],"size":[8,7,6],"uv":[0,0]}]},{"name":"blink","parent":"head","pivot":[0,3.5,-6],"cubes":[{"origin":[-4,0,-12],"size":[8,7,6],"uv":[30,12]}]},{"name":"tail","parent":"body","pivot":[0,3.5,7],"cubes":[{"origin":[-2,1,7],"size":[4,5,11],"uv":[0,33]}]},{"name":"tail_fin","parent":"tail","pivot":[0,3.5,17],"cubes":[{"origin":[-5,3,16],"size":[10,1,6],"uv":[0,49]}]},{"name":"back_fin","parent":"body","pivot":[0,7,-1],"rotation":[-30,0,0],"cubes":[{"origin":[-0.5,6.25,-2],"size":[1,5,4],"uv":[29,0]}]},{"name":"left_fin","parent":"body","pivot":[3,1,-4],"rotation":[0,-25,20],"cubes":[{"origin":[3,1,-5.5],"size":[8,1,4],"uv":[40,0]}]},{"name":"right_fin","parent":"body","pivot":[-3,1,-4],"rotation":[0,25,-20],"cubes":[{"origin":[-11,1,-5.5],"size":[8,1,4],"uv":[40,6]}]}]}}