{"format_version":"1.12.0","minecraft:geometry":[{"description":{"identifier":"geometry.goat_oh","texture_width":64,"texture_height":64,"visible_bounds_width":3,"visible_bounds_height":3.4,"visible_bounds_offset":[0,1.3,0]},"bones":[{"name":"root","pivot":[0,0,0]},{"name":"body","parent":"root","pivot":[0,11,0],"locators":{"lead":[0,16,-6]}},{"name":"centroid","parent":"body","pivot":[0,11,0],"cubes":[{"origin":[-4,6,-7.5],"size":[9,11,16],"uv":[1,1]},{"origin":[-5,4,-8.5],"size":[11,14,11],"uv":[0,28]}]},{"name":"head","parent":"body","pivot":[0.5,17,-8],"cubes":[{"origin":[-2,15,-16.5],"size":[5,7,10],"pivot":[1,18,-8.5],"rotation":[55,0,0],"uv":[34,46]},{"origin":[3,19,-10.5],"size":[3,2,1],"uv":[2,61],"mirror":true},{"origin":[-5,19,-10.5],"size":[3,2,1],"uv":[2,61]},{"origin":[0.5,6,-14.5],"size":[0,7,5],"uv":[23,52]}]},{"name":"right_horn","parent":"head","pivot":[0.5,18,-8],"cubes":[{"origin":[-1.99,19,-10.5],"size":[2,7,2],"uv":[12,55]}]},{"name":"left_horn","parent":"head","pivot":[0.5,18,-8],"cubes":[{"origin":[0.99,19,-10.5],"size":[2,7,2],"uv":[12,55]}]},{"name":"leg0","parent":"root","pivot":[-1.5,10,5],"cubes":[{"origin":[-3,0,3.5],"size":[3,6,3],"uv":[49,29]}]},{"name":"leg1","parent":"root","pivot":[2.5,10,5],"cubes":[{"origin":[1,0,3.5],"size":[3,6,3],"uv":[36,29]}]},{"name":"leg2","parent":"root","pivot":[-1.5,10,-5],"cubes":[{"origin":[-3,0,-6.5],"size":[3,10,3],"uv":[49,2]}]},{"name":"leg3","parent":"root","pivot":[2.5,10,-5],"cubes":[{"origin":[1,0,-6.5],"size":[3,10,3],"uv":[35,2]}]}]}]}