{"format_version":"1.10.0","geometry.horse_anim":{"texturewidth":64,"textureheight":64,"visible_bounds_width":3,"visible_bounds_height":3.5,"visible_bounds_offset":[0,1.25,0],"bones":[{"name":"root","pivot":[0,0,0]},{"name":"body","parent":"root","pivot":[0,16,0]},{"name":"neck","parent":"body","pivot":[0,17,-8],"rotation":[30,0,0],"cubes":[{"origin":[-2,16,-11],"size":[4,12,7],"uv":[0,35]},{"origin":[-1,17,-3.96],"size":[2,11,2],"uv":[56,41]}],"locators":{"lead":[0,17,-8]}},{"name":"head","parent":"neck","pivot":[0,28,-8],"cubes":[{"origin":[-3,28,-11],"size":[6,5,7],"uv":[0,13]},{"origin":[-2,28,-16],"size":[4,5,5],"uv":[0,25]},{"origin":[-1,28,-3.96],"size":[2,5,2],"uv":[56,36]}]},{"name":"earRight","parent":"head","pivot":[-1.75,33,-4.75],"rotation":[0,0,-5],"cubes":[{"origin":[-2.75,32,-5.25],"size":[2,3,1],"uv":[19,16]}]},{"name":"earLeft","parent":"head","pivot":[1.75,33,-4.5],"rotation":[0,0,5],"cubes":[{"origin":[0.75,32,-5.25],"size":[2,3,1],"uv":[19,16],"mirror":true}]},{"name":"reins","parent":"head","pivot":[0,30.5,-13.5],"rotation":[-35,0,0],"cubes":[{"origin":[-3.1,29,-13],"size":[0,3,16],"uv":[32,2]},{"origin":[3.1,29,-13],"size":[0,3,16],"uv":[32,2]}]},{"name":"bridle","parent":"head","pivot":[0,17,-8],"cubes":[{"origin":[-2,28,-13],"size":[4,5,2],"uv":[19,0],"inflate":0.25},{"origin":[-3,28,-11],"size":[6,5,7],"uv":[0,0],"inflate":0.25},{"origin":[2,29,-14],"size":[1,2,2],"uv":[29,5]},{"origin":[-3,29,-14],"size":[1,2,2],"uv":[29,5]}]},{"name":"centroid","parent":"body","pivot":[0,16,0],"cubes":[{"origin":[-5,11,-11],"size":[10,10,22],"uv":[0,32]}]},{"name":"saddle","parent":"centroid","pivot":[0,16,0],"cubes":[{"origin":[-5,12,-3.5],"size":[10,9,9],"uv":[26,0],"inflate":0.5}]},{"name":"tail","parent":"body","pivot":[0,20,11],"cubes":[{"origin":[-1.5,6,9],"size":[3,14,4],"uv":[42,36]}]},{"name":"legBR","parent":"root","pivot":[-3,11,9],"cubes":[{"origin":[-5,0,7],"size":[4,11,4],"uv":[48,21]}]},{"name":"legBL","parent":"root","pivot":[3,11,9],"cubes":[{"origin":[1,0,7],"size":[4,11,4],"uv":[48,21],"mirror":true}]},{"name":"legFR","parent":"root","pivot":[-3,11,-9],"cubes":[{"origin":[-5,0,-11],"size":[4,11,4],"uv":[48,21]}]},{"name":"legFL","parent":"root","pivot":[3,11,-9],"cubes":[{"origin":[1,0,-11],"size":[4,11,4],"uv":[48,21],"mirror":true}]}]},"geometry.donkey_anim":{"texturewidth":64,"textureheight":64,"visible_bounds_width":3,"visible_bounds_height":3.5,"visible_bounds_offset":[0,1.25,0],"bones":[{"name":"root","pivot":[0,0,0]},{"name":"body","parent":"root","pivot":[0,16,0]},{"name":"neck","parent":"body","pivot":[0,17,-8],"rotation":[30,0,0],"cubes":[{"origin":[-2,16,-11],"size":[4,12,7],"uv":[0,35]},{"origin":[-1,17,-3.95],"size":[2,11,2],"uv":[56,41]}],"locators":{"lead":[0,17,-8]}},{"name":"head","parent":"neck","pivot":[0,28,-8],"cubes":[{"origin":[-3,28,-11],"size":[6,5,7],"uv":[0,13]},{"origin":[-2,28,-16],"size":[4,5,5],"uv":[0,25]},{"origin":[-1,28,-4],"size":[2,5,2],"uv":[56,36]}]},{"name":"earRight","parent":"head","pivot":[-1.75,33,-4.75],"rotation":[0,0,-15],"cubes":[{"origin":[-2.75,32,-5.25],"size":[2,7,1],"uv":[0,12]}]},{"name":"earLeft","parent":"head","pivot":[1.75,33,-4.5],"rotation":[0,0,15],"cubes":[{"origin":[0.75,32,-5.25],"size":[2,7,1],"uv":[0,12],"mirror":true}]},{"name":"reins","parent":"head","pivot":[0,30.5,-13.5],"rotation":[-35,0,0],"cubes":[{"origin":[-3.1,29,-13],"size":[0,3,16],"uv":[32,2]},{"origin":[3.1,29,-13],"size":[0,3,16],"uv":[32,2]}]},{"name":"bridle","parent":"head","pivot":[0,17,-8],"cubes":[{"origin":[-2,28,-13],"size":[4,5,2],"uv":[19,0],"inflate":0.25},{"origin":[-3,28,-11],"size":[6,5,7],"uv":[0,0],"inflate":0.25},{"origin":[2,29,-14],"size":[1,2,2],"uv":[29,5]},{"origin":[-3,29,-14],"size":[1,2,2],"uv":[29,5]}]},{"name":"centroid","parent":"body","pivot":[0,16,0],"cubes":[{"origin":[-5,11,-11],"size":[10,10,22],"uv":[0,32]}]},{"name":"saddle","parent":"centroid","pivot":[0,16,0],"cubes":[{"origin":[-5,12,-3.5],"size":[10,9,9],"uv":[26,0],"inflate":0.5}]},{"name":"chestR","parent":"centroid","pivot":[-5,21,11],"rotation":[0,-90,0],"cubes":[{"origin":[-14,13,11],"size":[8,8,3],"uv":[26,21]}]},{"name":"chestL","parent":"centroid","pivot":[5,21,11],"rotation":[0,90,0],"cubes":[{"origin":[6,13,11],"size":[8,8,3],"uv":[26,21],"mirror":true}]},{"name":"tail","parent":"body","pivot":[0,20,11],"cubes":[{"origin":[-1.5,6,9],"size":[3,14,4],"uv":[42,36]}]},{"name":"legBR","parent":"root","pivot":[-3,11,9],"cubes":[{"origin":[-5,0,7],"size":[4,11,4],"uv":[48,21]}]},{"name":"legBL","parent":"root","pivot":[3,11,9],"cubes":[{"origin":[1,0,7],"size":[4,11,4],"uv":[48,21],"mirror":true}]},{"name":"legFR","parent":"root","pivot":[-3,11,-9],"cubes":[{"origin":[-5,0,-11],"size":[4,11,4],"uv":[48,21]}]},{"name":"legFL","parent":"root","pivot":[3,11,-9],"cubes":[{"origin":[1,0,-11],"size":[4,11,4],"uv":[48,21],"mirror":true}]}]}}