{"format_version":"1.8.0","geometry.llama_oh":{"texturewidth":128,"textureheight":64,"visible_bounds_width":3,"visible_bounds_height":3.5,"visible_bounds_offset":[0,1.25,0],"bones":[{"name":"root","pivot":[0,0,0]},{"name":"body","parent":"root","pivot":[0,14,0]},{"name":"centroid","parent":"body","pivot":[0,14,0],"rotation":[90,0,0],"cubes":[{"origin":[-6,4.5,-2],"size":[12,18,10],"uv":[29,0]}]},{"name":"chest","parent":"centroid","pivot":[0,14,0],"rotation":[-90,0,-90],"cubes":[{"origin":[-6,13,-8.5],"size":[8,8,3],"uv":[45,28]},{"origin":[-6,13,5.5],"size":[8,8,3],"uv":[45,41]}]},{"name":"head","parent":"body","pivot":[0,17,-7],"cubes":[{"origin":[-4,15,-12],"size":[8,18,6],"uv":[0,14]}],"locators":{"lead":[0,18,-11]}},{"name":"blink","parent":"head","pivot":[0,30,-12],"cubes":[{"origin":[-3,30,-12.1],"size":[1,1,0],"uv":[25,1]},{"origin":[2,30,-12.1],"size":[1,1,0],"uv":[25,1]}]},{"name":"snout","parent":"head","pivot":[0,29,-12],"cubes":[{"origin":[-2,27,-16],"size":[4,4,9],"uv":[0,0]}]},{"name":"rightEar","parent":"head","pivot":[-2.5,33,-9],"cubes":[{"origin":[-4,33,-10],"size":[3,3,2],"uv":[17,0]}]},{"name":"leftEar","parent":"head","pivot":[2.5,33,-9],"cubes":[{"origin":[1,33,-10],"size":[3,3,2],"uv":[17,0]}]},{"name":"leg0","parent":"root","pivot":[-3.5,13.25,6],"bind_pose_rotation":[0,0,-2.5],"cubes":[{"origin":[-5.5,0,4],"size":[4,14,4],"uv":[29,29]}]},{"name":"leg1","parent":"root","pivot":[3.5,13.25,6],"bind_pose_rotation":[0,0,2.5],"cubes":[{"origin":[1.5,0,4],"size":[4,14,4],"uv":[29,29]}]},{"name":"leg2","parent":"root","pivot":[-3.5,13.25,-5],"bind_pose_rotation":[0,7.5,-1],"cubes":[{"origin":[-5.5,0,-7],"size":[4,14,4],"uv":[29,29]}]},{"name":"leg3","parent":"root","pivot":[3.5,13.25,-5],"bind_pose_rotation":[0,-7.5,1],"cubes":[{"origin":[1.5,0,-7],"size":[4,14,4],"uv":[29,29]}]}]}}