{"format_version":"1.12.0","minecraft:geometry":[{"description":{"identifier":"geometry.shattered_pot","texture_width":32,"texture_height":32},"bones":[{"name":"prop","pivot":[0,0,0],"rotation":[-20,0,-7],"cubes":[{"origin":[-4,6,-4],"size":[8,3,8],"uv":{"north":{"uv":[14,8],"uv_size":[8,3]},"east":{"uv":[14,8],"uv_size":[8,3]},"south":{"uv":[14,8],"uv_size":[8,3]},"west":{"uv":[14,8],"uv_size":[8,3]},"up":{"uv":[14,0],"uv_size":[8,8]},"down":{"uv":[22,8],"uv_size":[-8,-8]}}},{"origin":[-3,4,-3],"size":[6,2,6],"uv":{"north":{"uv":[14,11],"uv_size":[6,2]},"east":{"uv":[14,11],"uv_size":[6,2]},"south":{"uv":[14,11],"uv_size":[6,2]},"west":{"uv":[14,11],"uv_size":[6,2]}}},{"origin":[-7,3,-7],"size":[14,1,14],"uv":{"north":{"uv":[0,14],"uv_size":[14,1]},"east":{"uv":[0,14],"uv_size":[14,1]},"south":{"uv":[0,14],"uv_size":[14,1]},"west":{"uv":[0,14],"uv_size":[14,1]},"up":{"uv":[0,0],"uv_size":[14,14]},"down":{"uv":[14,14],"uv_size":[-14,-14]}}},{"origin":[-7,-3,-7],"size":[6,6,1],"uv":{"north":{"uv":[0,15],"uv_size":[6,6]},"east":{"uv":[13,15],"uv_size":[1,6]},"south":{"uv":[0,8],"uv_size":[6,6]},"west":{"uv":[0,0],"uv_size":[1,6]}}},{"origin":[-7,-2,-6],"size":[1,5,13],"uv":{"east":{"uv":[0,15],"uv_size":[13,5]},"west":{"uv":[1,9],"uv_size":[13,5]}}},{"origin":[4,-1,-7],"size":[3,4,1],"uv":{"north":{"uv":[11,15],"uv_size":[3,4]},"east":{"uv":[0,0],"uv_size":[1,4]},"south":{"uv":[0,0],"uv_size":[3,4]},"west":{"uv":[0,15],"uv_size":[1,4]},"down":{"uv":[3,1],"uv_size":[-3,-1]}}},{"origin":[-1,1,-7],"size":[5,2,1],"uv":{"north":{"uv":[6,15],"uv_size":[5,2]},"south":{"uv":[0,0],"uv_size":[5,2]},"down":{"uv":[5,1],"uv_size":[-5,-1]}}},{"origin":[6,-1,-6],"size":[1,4,2],"uv":{"east":{"uv":[0,0],"uv_size":[2,4]},"south":{"uv":[0,0],"uv_size":[1,4]},"west":{"uv":[1,15],"uv_size":[2,4]},"down":{"uv":[1,2],"uv_size":[-1,-2]}}},{"origin":[6,1,-4],"size":[1,2,11],"uv":{"east":{"uv":[0,0],"uv_size":[11,2]},"south":{"uv":[0,15],"uv_size":[1,2]},"west":{"uv":[3,15],"uv_size":[11,2]},"down":{"uv":[1,7],"uv_size":[-1,-7]}}},{"origin":[6,-3,-4],"size":[1,4,4],"uv":{"north":{"uv":[0,0],"uv_size":[1,4]},"east":{"uv":[0,0],"uv_size":[4,4]},"south":{"uv":[0,0],"uv_size":[1,4]},"west":{"uv":[3,17],"uv_size":[4,4]}}},{"origin":[3,-3.5,-8],"size":[5,1,4],"pivot":[0,0,0],"rotation":[0,20,0],"uv":{"north":{"uv":[0,0],"uv_size":[5,1]},"east":{"uv":[0,0],"uv_size":[4,1]},"south":{"uv":[0,0],"uv_size":[5,1]},"west":{"uv":[0,0],"uv_size":[4,1]},"up":{"uv":[6,16],"uv_size":[5,4]},"down":{"uv":[11,20],"uv_size":[-5,-4]}}},{"origin":[8,-1.25,2.5],"size":[3,1,5],"pivot":[0,0,0],"rotation":[30,0,7],"uv":{"north":{"uv":[0,0],"uv_size":[3,1]},"east":{"uv":[0,0],"uv_size":[5,1]},"south":{"uv":[0,0],"uv_size":[3,1]},"west":{"uv":[0,0],"uv_size":[5,1]},"up":{"uv":[3,11],"uv_size":[-3,-5]}}},{"origin":[-2,-9,-11],"size":[3,1,5],"pivot":[0,0,0],"rotation":[-30,-56,0],"uv":{"north":{"uv":[0,0],"uv_size":[3,1]},"east":{"uv":[0,0],"uv_size":[5,1]},"south":{"uv":[0,0],"uv_size":[3,1]},"west":{"uv":[0,0],"uv_size":[5,1]},"up":{"uv":[3,11],"uv_size":[-3,-5]},"down":{"uv":[3,11],"uv_size":[-3,-5]}}}]}]}]}