{"format_version":"1.16.0","minecraft:geometry":[{"description":{"identifier":"geometry.snowball_oh","texture_width":6,"texture_height":6},"bones":[{"name":"proj","pivot":[0,0,0],"cubes":[{"origin":[-2.5,-2.5,-2.5],"size":[5,5,5],"inflate":-0.35,"pivot":[0,0,0],"rotation":[0,0,25],"uv":{"north":{"uv":[6,0],"uv_size":[-6,6]},"east":{"uv":[0,0],"uv_size":[6,6]},"south":{"uv":[6,0],"uv_size":[-6,6]},"west":{"uv":[0,0],"uv_size":[6,6]},"up":{"uv":[0,0],"uv_size":[6,6]},"down":{"uv":[6,6],"uv_size":[-6,-6]}}}]}]},{"description":{"identifier":"geometry.endpearl_oh","texture_width":16,"texture_height":20},"bones":[{"name":"proj","pivot":[0,0,0],"cubes":[{"origin":[-2.25,-2.25,-2.25],"size":[4.5,4.5,4.5],"pivot":[0,0,0],"rotation":[0,0,25],"uv":{"north":{"uv":[1,1],"uv_size":[13,13]},"east":{"uv":[1,1],"uv_size":[13,13]},"south":{"uv":[1,1],"uv_size":[13,13]},"west":{"uv":[1,1],"uv_size":[13,13]},"up":{"uv":[14,14],"uv_size":[-13,-13]},"down":{"uv":[14,14],"uv_size":[-13,-13]}}}]},{"name":"core","parent":"proj","pivot":[0,0,0],"rotation":[0,0,25],"cubes":[{"origin":[-1.125,-1.125,-1.125],"size":[2.25,2.25,2.25],"uv":{"north":{"uv":[1,17],"uv_size":[2,2]},"east":{"uv":[1,17],"uv_size":[2,2]},"south":{"uv":[1,17],"uv_size":[2,2]},"west":{"uv":[1,17],"uv_size":[2,2]},"up":{"uv":[3,19],"uv_size":[-2,-2]},"down":{"uv":[3,19],"uv_size":[-2,-2]}}},{"origin":[-2.25,2.25,-2.25],"size":[4.5,-4.5,4.5],"uv":{"north":{"uv":[6,16],"uv_size":[4,4]},"east":{"uv":[6,16],"uv_size":[4,4]},"south":{"uv":[6,16],"uv_size":[4,4]},"west":{"uv":[6,16],"uv_size":[4,4]},"up":{"uv":[9,17],"uv_size":[-1,-1]},"down":{"uv":[7,20],"uv_size":[-1,-1]}}}]},{"name":"glint","parent":"proj","pivot":[0,0,0],"cubes":[{"origin":[-1.5,0.25,-1.75],"size":[1.25,1.25,0],"uv":{"north":{"uv":[13.05,17.05],"uv_size":[1.9,1.9]}}},{"origin":[0.5,-1.5,-1.75],"size":[0.5,0.5,0],"uv":{"north":{"uv":[13.05,17.05],"uv_size":[1.9,1.9]}}}]}]},{"description":{"identifier":"geometry.fireball_oh","texture_width":16,"texture_height":16,"visible_bounds_width":2,"visible_bounds_height":1.5,"visible_bounds_offset":[0,0.25,0]},"bones":[{"name":"body","pivot":[0,0,0]},{"name":"axis","parent":"body","pivot":[0,0,0],"cubes":[{"origin":[-4,-4,-4],"size":[8,8,8],"inflate":1,"uv":{"north":{"uv":[0,0],"uv_size":[16,16]},"east":{"uv":[16,0],"uv_size":[-16,16]},"south":{"uv":[0,0],"uv_size":[16,16]},"west":{"uv":[16,0],"uv_size":[-16,16]},"up":{"uv":[16,16],"uv_size":[-16,-16]},"down":{"uv":[16,16],"uv_size":[-16,-16]}}}]}]},{"description":{"identifier":"geometry.shulker_spark","texture_width":16,"texture_height":16},"bones":[{"name":"body","pivot":[0,0,0],"cubes":[{"origin":[-4,-4,-1],"size":[8,8,2],"uv":{"north":{"uv":[0,0],"uv_size":[8,8]},"east":{"uv":[8,0],"uv_size":[2,8]},"south":{"uv":[0,0],"uv_size":[8,8]},"west":{"uv":[8,0],"uv_size":[2,8]},"up":{"uv":[0,8],"uv_size":[8,2]},"down":{"uv":[0,10],"uv_size":[8,-2]}}},{"origin":[-1,-4,-4],"size":[2,8,8],"uv":{"north":{"uv":[10,0],"uv_size":[2,8]},"east":{"uv":[0,0],"uv_size":[8,8]},"south":{"uv":[10,0],"uv_size":[2,8]},"west":{"uv":[0,0],"uv_size":[8,8]},"up":{"uv":[10,0],"uv_size":[2,8]},"down":{"uv":[10,8],"uv_size":[2,-8]}}},{"origin":[-4,-1,-4],"size":[8,2,8],"uv":{"north":{"uv":[0,8],"uv_size":[8,2]},"east":{"uv":[0,10],"uv_size":[8,2]},"south":{"uv":[0,8],"uv_size":[8,2]},"west":{"uv":[0,10],"uv_size":[8,2]},"up":{"uv":[0,0],"uv_size":[8,8]},"down":{"uv":[0,8],"uv_size":[8,-8]}}}]},{"name":"outer_layer","parent":"body","pivot":[0,0,0],"cubes":[{"origin":[-5,-5,-2],"size":[10,10,4],"uv":{"north":{"uv":[9.5,9.5],"uv_size":[5,5]},"east":{"uv":[12,0],"uv_size":[2,8]},"south":{"uv":[9.5,9.5],"uv_size":[5,5]},"west":{"uv":[12,0],"uv_size":[2,8]},"up":{"uv":[0,12],"uv_size":[8,2]},"down":{"uv":[0,14],"uv_size":[8,-2]}}},{"origin":[-5,-2,-5],"size":[10,4,10],"uv":{"north":{"uv":[0,12],"uv_size":[8,2]},"east":{"uv":[1.5,14],"uv_size":[5,2]},"south":{"uv":[0,12],"uv_size":[8,2]},"west":{"uv":[1.5,14],"uv_size":[5,2]},"up":{"uv":[14.5,14.5],"uv_size":[-5,-5]},"down":{"uv":[14.5,14.5],"uv_size":[-5,-5]}}},{"origin":[-2,-5,-5],"size":[4,10,10],"uv":{"north":{"uv":[14,1.5],"uv_size":[2,5]},"east":{"uv":[9.5,9.5],"uv_size":[5,5]},"south":{"uv":[14,1.5],"uv_size":[2,5]},"west":{"uv":[9.5,9.5],"uv_size":[5,5]},"up":{"uv":[14,1.5],"uv_size":[2,5]},"down":{"uv":[14,6.5],"uv_size":[2,-5]}}}]}]},{"description":{"identifier":"geometry.ender_eye","texture_width":18,"texture_height":19},"bones":[{"name":"ender_eye","pivot":[0,0,0],"cubes":[{"origin":[-3,-3,-2],"size":[6,6,5],"uv":{"north":{"uv":[0,0],"uv_size":[6,6]},"east":{"uv":[0,6],"uv_size":[5,6]},"south":{"uv":[6,0],"uv_size":[6,6]},"west":{"uv":[5,6],"uv_size":[5,6]},"up":{"uv":[12,5],"uv_size":[6,5]},"down":{"uv":[12,5],"uv_size":[6,-5]}}},{"origin":[-2.5,-2.5,-2.5],"size":[5,5,1],"uv":{"north":{"uv":[0,0],"uv_size":[6,6]},"east":{"uv":[4,6],"uv_size":[1,6]},"west":{"uv":[5,6],"uv_size":[1,6]},"up":{"uv":[12,9],"uv_size":[6,1]},"down":{"uv":[12,5],"uv_size":[6,-1]}}},{"origin":[-2.25,0.75,-3.25],"size":[1.5,1.5,0],"uv":{"north":{"uv":[12.05,13.05],"uv_size":[1.9,1.9]}}},{"origin":[1.5,-2.25,-3.25],"size":[0.75,0.75,0],"uv":{"north":{"uv":[16.05,17.05],"uv_size":[0.9,0.9]}}}]},{"name":"cornea","parent":"ender_eye","pivot":[0,0,0],"cubes":[{"origin":[-3,-3,-3],"size":[6,6,1],"uv":{"north":{"uv":[0,12],"uv_size":[7,7]},"east":{"uv":[10,6],"uv_size":[1,6]},"west":{"uv":[11,6],"uv_size":[1,6]},"up":{"uv":[18,11],"uv_size":[-6,-1]},"down":{"uv":[18,12],"uv_size":[-6,-1]}}},{"origin":[-3,-3,-3],"size":[6,6,1],"uv":{"north":{"uv":[0,12],"uv_size":[7,7]},"east":{"uv":[10,6],"uv_size":[1,6]},"west":{"uv":[11,6],"uv_size":[1,6]},"up":{"uv":[18,11],"uv_size":[-6,-1]},"down":{"uv":[18,12],"uv_size":[-6,-1]}}}]}]},{"description":{"identifier":"geometry.egg_anim","texture_width":8,"texture_height":8},"bones":[{"name":"proj","pivot":[0,0,0],"rotation":[-45,0,0],"cubes":[{"origin":[-1.5,-1.5,-1.5],"size":[3,4,3],"uv":{"north":{"uv":[4,0],"uv_size":[4,5]},"east":{"uv":[4,0],"uv_size":[4,5]},"south":{"uv":[4,0],"uv_size":[4,5]},"west":{"uv":[4,0],"uv_size":[4,5]},"up":{"uv":[4,4],"uv_size":[-4,-4]},"down":{"uv":[4,8],"uv_size":[-4,-4]}}}]}]}]}