{"format_version":"1.8.0","geometry.skeleton_anim":{"texturewidth":64,"textureheight":32,"bones":[{"name":"waist","pivot":[0,12,0]},{"name":"body","parent":"waist","pivot":[0,24,0],"cubes":[{"origin":[-4,12,-2],"size":[8,12,4],"uv":[16,16]}]},{"name":"head","parent":"body","pivot":[0,24,0],"cubes":[{"origin":[-4,24,-4],"size":[8,8,8],"uv":[0,0],"inflate":-0.125}]},{"name":"rightArm","parent":"body","pivot":[-5,22,0],"cubes":[{"origin":[-6,12,-1],"size":[2,12,2],"uv":[40,16]}]},{"name":"rightItem","parent":"rightArm","pivot":[-5,15,1]},{"name":"leftArm","parent":"body","pivot":[5,22,0],"mirror":true,"cubes":[{"origin":[4,12,-1],"size":[2,12,2],"uv":[40,16]}]},{"name":"leftItem","parent":"leftArm","pivot":[5,15,1]},{"name":"rightLeg","pivot":[-2,12,0],"cubes":[{"origin":[-3,0,-1],"size":[2,12,2],"uv":[0,16]}]},{"name":"leftLeg","pivot":[2,12,0],"mirror":true,"cubes":[{"origin":[1,0,-1],"size":[2,12,2],"uv":[0,16]}]}]},"geometry.skeleton_cloth":{"texturewidth":64,"textureheight":32,"bones":[{"name":"waist","pivot":[0,12,0]},{"name":"body","parent":"waist","pivot":[0,24,0],"cubes":[{"origin":[-4,12,-2],"size":[8,12,4],"uv":[16,16],"inflate":0.25}]},{"name":"head","parent":"body","pivot":[0,24,0],"cubes":[{"origin":[-4,24,-4],"size":[8,8,8],"uv":[0,0],"inflate":0.21}]},{"name":"rightArm","parent":"body","pivot":[-5,22,0],"cubes":[{"origin":[-7,12,-2],"size":[3,12,4],"uv":[40,16],"inflate":0.25}]},{"name":"leftArm","parent":"body","pivot":[5,22,0],"mirror":true,"cubes":[{"origin":[4,12,-2],"size":[3,12,4],"uv":[40,16],"inflate":0.25,"mirror":false}]},{"name":"rightLeg","pivot":[-2,12,0],"cubes":[{"origin":[-4,0,-2],"size":[4,12,4],"uv":[0,16],"inflate":0.1}]},{"name":"leftLeg","pivot":[2,12,0],"mirror":true,"cubes":[{"origin":[0,0,-2],"size":[4,12,4],"uv":[32,0],"inflate":0.1,"mirror":false}]}]},"geometry.bogged_anim":{"texturewidth":64,"textureheight":64,"bones":[{"name":"waist","pivot":[0,12,0]},{"name":"body","parent":"waist","pivot":[0,24,0],"cubes":[{"origin":[-4,12,-2],"size":[8,12,4],"uv":[16,16]},{"origin":[-4,12,-2],"size":[8,12,4],"uv":[16,32],"inflate":0.25}]},{"name":"head","parent":"body","pivot":[0,24,0],"cubes":[{"origin":[-4,24,-4],"size":[8,8,8],"uv":[0,0],"inflate":-0.375}]},{"name":"hat","parent":"head","pivot":[0,24,0],"cubes":[{"origin":[-4,24,-4],"size":[8,8,8],"uv":[32,0],"inflate":-0.125}]},{"name":"helmet","parent":"head","pivot":[0,24,0],"cubes":[{"origin":[0.5,31.5,0.5],"size":[4.5,3,4.5],"uv":[24,0]},{"origin":[-3.625,31.625,-3.625],"size":[2,2,2],"uv":[56,0]},{"origin":[-4.75,27,1.75],"size":[3,1,3],"uv":[48,16]},{"origin":[-4.5,25,2.5],"size":[2,1,2],"uv":[56,0]}]},{"name":"rightArm","parent":"body","pivot":[-5,22,0],"cubes":[{"origin":[-6,12,-1],"size":[2,12,2],"uv":[40,16]}]},{"name":"rightSleeve","parent":"rightArm","pivot":[-5,22,0],"cubes":[{"origin":[-7,12,-2],"size":[3,12,4],"uv":[40,32],"inflate":0.25}]},{"name":"rightItem","parent":"rightArm","pivot":[-5,15,1]},{"name":"leftArm","parent":"body","pivot":[5,22,0],"mirror":true,"cubes":[{"origin":[4,12,-1],"size":[2,12,2],"uv":[40,16]}]},{"name":"leftSleeve","parent":"leftArm","pivot":[5,22,0],"cubes":[{"origin":[4,12,-2],"size":[3,12,4],"uv":[40,32],"inflate":0.25,"mirror":true}]},{"name":"leftItem","parent":"leftArm","pivot":[5,15,1]},{"name":"rightLeg","pivot":[-2,12,0],"cubes":[{"origin":[-3,0,-1],"size":[2,12,2],"uv":[0,16]}]},{"name":"leftLeg","pivot":[2,12,0],"mirror":true,"cubes":[{"origin":[1,0,-1],"size":[2,12,2],"uv":[0,16]}]}]}}