{"format_version":"1.12.0","minecraft:geometry":[{"description":{"identifier":"geometry.sniffer_anim","texture_width":192,"texture_height":192,"visible_bounds_width":4,"visible_bounds_height":4,"visible_bounds_offset":[0,1,0]},"bones":[{"name":"root","pivot":[0,0,0]},{"name":"body","parent":"root","pivot":[0,18.5,0]},{"name":"centroid","parent":"body","pivot":[0,18.5,0],"cubes":[{"origin":[-13,13,-20],"size":[26,20,40],"inflate":0.5,"uv":[60,0]},{"origin":[-13,4,-20],"size":[26,16,40],"uv":[60,60]},{"origin":[-13,8,-20],"size":[26,0,40],"uv":[86,60]}]},{"name":"head","parent":"body","pivot":[0,14,-19.5],"cubes":[{"origin":[-7,11,-32],"size":[14,10,12],"uv":[0,0]},{"origin":[-7,7,-30],"size":[14,4,10],"uv":[0,22]},{"origin":[-7,11.5,-40],"size":[14,8.5,8],"uv":[52,0]},{"origin":[-6,7,-40],"size":[12,4.5,10],"uv":[52,16]}],"locators":{"lead":[0,13,-19]}},{"name":"left_ear","parent":"head","pivot":[7,21,-24],"cubes":[{"origin":[6,2,-27],"size":[2,19,7],"uv":[172,0]}]},{"name":"right_ear","parent":"head","pivot":[-7,21,-24],"cubes":[{"origin":[-8,2,-27],"size":[2,19,7],"uv":[154,0]}]},{"name":"right_front_leg","parent":"root","pivot":[-7.5,10,-15],"cubes":[{"origin":[-11,0,-19],"size":[8,10,8],"pivot":[-7,10,-15],"rotation":[0,10,0],"uv":[0,40]}]},{"name":"right_mid_leg","parent":"root","pivot":[-7.5,10,0],"cubes":[{"origin":[-11,0,-4],"size":[8,10,8],"pivot":[-7,10,0],"rotation":[0,5,0],"uv":[0,60]}]},{"name":"right_hind_leg","parent":"root","pivot":[-7.5,10,15],"cubes":[{"origin":[-11,0,11],"size":[8,10,8],"uv":[0,80]}]},{"name":"left_front_leg","parent":"root","pivot":[7.5,10,-15],"cubes":[{"origin":[3,0,-19],"size":[8,10,8],"pivot":[7,10,-15],"rotation":[0,-10,0],"uv":[24,50]}]},{"name":"left_mid_leg","parent":"root","pivot":[7.5,10,0],"cubes":[{"origin":[3,0,-4],"size":[8,10,8],"pivot":[7,10,0],"rotation":[0,-5,0],"uv":[24,70]}]},{"name":"left_hind_leg","parent":"root","pivot":[7.5,10,15],"cubes":[{"origin":[3,0,11],"size":[8,10,8],"uv":[24,90]}]}]},{"description":{"identifier":"geometry.snifflet_anim","texture_width":384,"texture_height":384,"visible_bounds_width":5,"visible_bounds_height":3.5,"visible_bounds_offset":[0,1.25,0]},"bones":[{"name":"root","pivot":[0,0,0]},{"name":"body","parent":"root","pivot":[0,18.5,0]},{"name":"centroid","parent":"body","pivot":[0,18.5,0],"cubes":[{"origin":[-13,13,-20],"size":[26,20,40],"inflate":0.5,"uv":[120,232]},{"origin":[-13,4,-20],"size":[26,16,40],"uv":[252,232]},{"origin":[-13,8,-20],"size":[26,0,40],"uv":[278,232]}]},{"name":"head","parent":"body","pivot":[0,14,-19.5],"cubes":[{"origin":[-8.4,11,-34.5],"size":[16.8,12,14.5],"uv":[0,202]},{"origin":[-8.4,7,-32.4],"size":[16.8,4,12.4],"uv":[0,228]},{"origin":[-8.4,11.5,-44],"size":[16.8,10.2,9.5],"uv":[61,217]},{"origin":[-7.4,6.9,-44.1],"size":[14.8,4.7,12],"inflate":-0.1,"uv":[60,236]}],"locators":{"lead":[0,13,-19]}},{"name":"left_ear","parent":"head","pivot":[8.4,23,-24],"cubes":[{"origin":[8.4,3,-28],"size":[2,20,8],"uv":[328,52]}]},{"name":"right_ear","parent":"head","pivot":[-8.4,23,-24],"cubes":[{"origin":[-10.4,3,-28],"size":[2,20,8],"uv":[308,52]}]},{"name":"right_front_leg","parent":"root","pivot":[-7.5,12,-15],"cubes":[{"origin":[-11,0,-19],"size":[8,10,8],"uv":[118,120]}]},{"name":"right_mid_leg","parent":"root","pivot":[-7.5,12,0],"cubes":[{"origin":[-11,0,-4],"size":[8,10,8],"uv":[118,140]}]},{"name":"right_hind_leg","parent":"root","pivot":[-7.5,12,15],"cubes":[{"origin":[-11,0,11],"size":[8,10,8],"uv":[118,160]}]},{"name":"left_front_leg","parent":"root","pivot":[7.5,12,-15],"cubes":[{"origin":[3,0,-19],"size":[8,10,8],"uv":[142,130]}]},{"name":"left_mid_leg","parent":"root","pivot":[7.5,12,0],"cubes":[{"origin":[3,0,-4],"size":[8,10,8],"uv":[142,150]}]},{"name":"left_hind_leg","parent":"root","pivot":[7.5,12,15],"cubes":[{"origin":[3,0,11],"size":[8,10,8],"uv":[142,170]}]}]}]}