{"format_version":"1.16.0","minecraft:geometry":[{"description":{"identifier":"geometry.totem","texture_width":32,"texture_height":32},"bones":[{"name":"totem","pivot":[0,0,0],"binding":"q.item_slot_to_bone_name(c.item_slot)","cubes":[{"origin":[-3,3,-1],"size":[6,10,2],"uv":{"north":{"uv":[0,0],"uv_size":[6,10]},"east":{"uv":[14,0],"uv_size":[2,10]},"south":{"uv":[7,0],"uv_size":[6,10]},"west":{"uv":[17,0],"uv_size":[2,10]},"up":{"uv":[20,8],"uv_size":[6,2]},"down":{"uv":[20,13],"uv_size":[6,-2]}}},{"origin":[-1,6,-2],"size":[2,3,1],"uv":{"north":{"uv":[2,4],"uv_size":[2,3]},"east":{"uv":[2,4],"uv_size":[1,3]},"west":{"uv":[3,4],"uv_size":[1,3]},"up":{"uv":[4,5],"uv_size":[-2,-1]},"down":{"uv":[4,7],"uv_size":[-2,-1]}}},{"origin":[-2,0,-1],"size":[4,3,2],"uv":{"north":{"uv":[20,0],"uv_size":[4,3]},"east":{"uv":[20,22],"uv_size":[2,3]},"south":{"uv":[20,4],"uv_size":[4,3]},"west":{"uv":[22,22],"uv_size":[2,3]},"down":{"uv":[20,22],"uv_size":[4,-2]}}},{"origin":[-6,6,1],"size":[3,1,0],"uv":{"north":{"uv":[1,22],"uv_size":[3,1]},"south":{"uv":[5,22],"uv_size":[3,1]}}},{"origin":[-5,5,1],"size":[2,1,0],"uv":{"north":{"uv":[2,23],"uv_size":[2,1]},"south":{"uv":[5,23],"uv_size":[2,1]}}},{"origin":[3,6,1],"size":[3,1,0],"uv":{"north":{"uv":[4,22],"uv_size":[-3,1]},"south":{"uv":[8,22],"uv_size":[-3,1]}}},{"origin":[3,5,1],"size":[2,1,0],"uv":{"north":{"uv":[4,23],"uv_size":[-2,1]},"south":{"uv":[7,23],"uv_size":[-2,1]}}}]},{"name":"outline","parent":"totem","pivot":[0,-0.5,0],"cubes":[{"origin":[-3.5,2.5,1.5],"size":[7,11,-3],"uv":{"north":{"uv":[0,11],"uv_size":[6,10]},"east":{"uv":[13,11],"uv_size":[3,10]},"south":{"uv":[7,11],"uv_size":[6,10]},"west":{"uv":[16,11],"uv_size":[3,10]},"up":{"uv":[20,14],"uv_size":[6,2]},"down":{"uv":[20,19],"uv_size":[6,-2]}}},{"origin":[-2.5,-0.5,1.5],"size":[5,3,-3],"uv":{"north":{"uv":[8,15],"uv_size":[1,1]},"east":{"uv":[8,15],"uv_size":[1,1]},"south":{"uv":[8,15],"uv_size":[1,1]},"west":{"uv":[8,15],"uv_size":[1,1]},"down":{"uv":[8,16],"uv_size":[1,-1]}}},{"origin":[-6.5,5.5,1.5],"size":[3,2,-1],"uv":{"north":{"uv":[0,16],"uv_size":[1,1]},"east":{"uv":[0,16],"uv_size":[1,1]},"south":{"uv":[0,16],"uv_size":[1,1]},"up":{"uv":[1,17],"uv_size":[-1,-1]},"down":{"uv":[16,25],"uv_size":[-3,-1]}}},{"origin":[-5.5,4.5,1.5],"size":[2,1,-1],"uv":{"north":{"uv":[0,16],"uv_size":[1,1]},"east":{"uv":[0,16],"uv_size":[1,1]},"south":{"uv":[0,16],"uv_size":[1,1]},"up":{"uv":[1,17],"uv_size":[-1,-1]},"down":{"uv":[1,17],"uv_size":[-1,-1]}}},{"origin":[3.5,5.5,1.5],"size":[3,2,-1],"uv":{"north":{"uv":[0,16],"uv_size":[1,1]},"south":{"uv":[0,16],"uv_size":[1,1]},"west":{"uv":[0,16],"uv_size":[1,1]},"up":{"uv":[1,17],"uv_size":[-1,-1]},"down":{"uv":[13,25],"uv_size":[3,-1]}}},{"origin":[3.5,4.5,1.5],"size":[2,1,-1],"uv":{"north":{"uv":[0,16],"uv_size":[1,1]},"south":{"uv":[0,16],"uv_size":[1,1]},"west":{"uv":[0,16],"uv_size":[1,1]},"up":{"uv":[1,17],"uv_size":[-1,-1]},"down":{"uv":[1,17],"uv_size":[-1,-1]}}}]}]}]}