{"format_version":"1.12.0","minecraft:geometry":[{"description":{"identifier":"geometry.xp_orb_oh","texture_width":4,"texture_height":4},"bones":[{"name":"body","pivot":[0,0,0]},{"name":"axis","parent":"body","pivot":[0,1,0],"cubes":[{"origin":[-1,0,-1],"size":[2,2,2],"uv":{"north":{"uv":[0,0],"uv_size":[2,2]},"east":{"uv":[2,0],"uv_size":[2,2]},"south":{"uv":[0,2],"uv_size":[2,2]},"west":{"uv":[2,2],"uv_size":[2,2]},"up":{"uv":[4,2],"uv_size":[-2,-2]},"down":{"uv":[4,4],"uv_size":[-2,-2]}}}]}]}]}