{"format_version":"1.16.0","minecraft:geometry":[{"description":{"identifier":"geometry.book","texture_width":22,"texture_height":20},"bones":[{"name":"book","pivot":[0,0,0],"rotation":[90,0,0],"binding":"q.item_slot_to_bone_name(c.item_slot)","cubes":[{"origin":[-4,-5,0],"size":[7,10,0],"uv":{"north":{"uv":[10,0],"uv_size":[7,10]},"south":{"uv":[0,2],"uv_size":[1,1]}}},{"origin":[-4,-5,2],"size":[7,10,0],"uv":{"north":{"uv":[1,2],"uv_size":[-1,1]},"south":{"uv":[3,0],"uv_size":[7,10]}}},{"origin":[3,-5,0],"size":[1,10,2],"uv":{"north":{"uv":[2,0],"uv_size":[1,10]},"east":{"uv":[1,4],"uv_size":[1,1]},"south":{"uv":[2,0],"uv_size":[1,10]},"west":{"uv":[0,0],"uv_size":[2,10]},"up":{"uv":[3,2],"uv_size":[-1,-2]},"down":{"uv":[3,2],"uv_size":[-1,-2]}}},{"origin":[-3.5,-4.5,0],"size":[7,9,2],"uv":{"east":{"uv":[18,1],"uv_size":[2,9]},"up":{"uv":[20,13],"uv_size":[-7,-2]},"down":{"uv":[20,11],"uv_size":[-7,2]}}}]}]},{"description":{"identifier":"geometry.book_enchanted","texture_width":22,"texture_height":20},"bones":[{"name":"book","pivot":[0,0,0],"rotation":[90,0,0],"binding":"q.item_slot_to_bone_name(c.item_slot)","cubes":[{"origin":[-4,-5,0],"size":[7,10,0],"uv":{"north":{"uv":[10,0],"uv_size":[7,10]},"south":{"uv":[0,2],"uv_size":[1,1]}}},{"origin":[-4,-5,2],"size":[7,10,0],"uv":{"north":{"uv":[1,2],"uv_size":[-1,1]},"south":{"uv":[3,0],"uv_size":[7,10]}}},{"origin":[3,-5,0],"size":[1,10,2],"uv":{"north":{"uv":[2,0],"uv_size":[1,10]},"east":{"uv":[1,4],"uv_size":[1,1]},"south":{"uv":[2,0],"uv_size":[1,10]},"west":{"uv":[0,0],"uv_size":[2,10]},"up":{"uv":[3,2],"uv_size":[-1,-2]},"down":{"uv":[3,2],"uv_size":[-1,-2]}}},{"origin":[-3.5,-4.5,0],"size":[7,9,2],"uv":{"east":{"uv":[18,1],"uv_size":[2,9]},"up":{"uv":[20,13],"uv_size":[-7,-2]},"down":{"uv":[20,11],"uv_size":[-7,2]}}},{"origin":[-4.125,-1,-0.125],"size":[8.25,2,2.25],"uv":{"north":{"uv":[1,13],"uv_size":[8,2]},"east":{"uv":[1,15],"uv_size":[2,2]},"south":{"uv":[1,11],"uv_size":[8,2]},"west":{"uv":[3,15],"uv_size":[2,2]}}}]}]},{"description":{"identifier":"geometry.book_n_quill","texture_width":22,"texture_height":20},"bones":[{"name":"book","pivot":[0,0,0],"rotation":[90,0,0],"binding":"q.item_slot_to_bone_name(c.item_slot)","cubes":[{"origin":[3,-5,0],"size":[1,10,2],"uv":{"north":{"uv":[14,0],"uv_size":[1,10]},"east":{"uv":[12,10],"uv_size":[1,10]},"south":{"uv":[14,0],"uv_size":[1,10]},"west":{"uv":[13,10],"uv_size":[2,10]},"up":{"uv":[15,2],"uv_size":[-1,-2]},"down":{"uv":[15,2],"uv_size":[-1,-2]}}}]},{"name":"wing_front","parent":"book","pivot":[3,0,1.5],"cubes":[{"origin":[-4,-5,2],"size":[7,10,0],"uv":{"north":{"uv":[13,12],"uv_size":[1,1]},"south":{"uv":[0,0],"uv_size":[7,10]}}},{"origin":[-3.5,-4.5,1],"size":[7,9,1],"uv":{"north":{"uv":[5,10],"uv_size":[7,9]},"east":{"uv":[16,0],"uv_size":[1,9]},"up":{"uv":[7,11],"uv_size":[-7,-1]},"down":{"uv":[7,11],"uv_size":[-7,-1]}}}]},{"name":"wing_back","parent":"book","pivot":[3,0,0.5],"cubes":[{"origin":[-4,-5,0],"size":[7,10,0],"uv":{"north":{"uv":[7,0],"uv_size":[7,10]},"south":{"uv":[13,12],"uv_size":[1,1]}}},{"origin":[-3.5,-4.5,0],"size":[7,9,1],"uv":{"east":{"uv":[15,0],"uv_size":[1,9]},"south":{"uv":[0,10],"uv_size":[7,9]},"up":{"uv":[7,20],"uv_size":[-7,-1]},"down":{"uv":[7,19],"uv_size":[-7,1]}}}]},{"name":"sheet","parent":"book","pivot":[3,0,0.4],"cubes":[{"origin":[-3.5,-4.5,0.9],"size":[7,9,0],"uv":{"north":{"uv":[1,10],"uv_size":[7,9]},"south":{"uv":[4,10],"uv_size":[7,9]}}}]},{"name":"quill","parent":"book","pivot":[-4,-3.5,2.25],"cubes":[{"origin":[-4,-3.5,2.25],"size":[5,9.2,0],"uv":{"north":{"uv":[21,9],"uv_size":[-6,11]},"south":{"uv":[15,9],"uv_size":[6,11]}}}]}]},{"description":{"identifier":"geometry.book_pile","texture_width":32,"texture_height":32},"bones":[{"name":"prop","pivot":[0,0,0],"cubes":[{"origin":[-5,0,-5],"size":[8,3,10],"uv":{"north":{"uv":[8,3],"uv_size":[8,4]},"east":{"uv":[8,0],"uv_size":[10,2]},"south":{"uv":[16,3],"uv_size":[-8,4]},"west":{"uv":[10,3],"uv_size":[1,4]},"up":{"uv":[0,0],"uv_size":[8,10]},"down":{"uv":[0,10],"uv_size":[8,-10]}}},{"origin":[-5,3,-5],"size":[8,3,10],"pivot":[0,0,0],"rotation":[0,10,0],"uv":{"north":{"uv":[2,14],"uv_size":[8,4]},"east":{"uv":[5,14],"uv_size":[1,4]},"south":{"uv":[10,14],"uv_size":[-8,4]},"west":{"uv":[0,11],"uv_size":[10,2]},"up":{"uv":[10,7],"uv_size":[8,10]},"down":{"uv":[10,17],"uv_size":[8,-10]}}},{"origin":[-5,6,-5],"size":[8,4,10],"uv":{"north":{"uv":[19,5],"uv_size":[8,5]},"east":{"uv":[19,0],"uv_size":[10,5]},"south":{"uv":[27,5],"uv_size":[-8,5]},"west":{"uv":[22,5],"uv_size":[1,5]},"up":{"uv":[0,0],"uv_size":[8,10]},"down":{"uv":[0,10],"uv_size":[8,-10]}}},{"origin":[-5,10,-5],"size":[8,3,10],"pivot":[0,0,0],"rotation":[0,-10,0],"uv":{"north":{"uv":[10,14],"uv_size":[-8,4]},"east":{"uv":[0,11],"uv_size":[10,2]},"south":{"uv":[2,14],"uv_size":[8,4]},"west":{"uv":[4,14],"uv_size":[1,4]},"up":{"uv":[18,17],"uv_size":[-8,-10]},"down":{"uv":[10,17],"uv_size":[8,-10]}}},{"origin":[4,0,-3.5],"size":[3,9,7],"pivot":[5,0,0],"rotation":[0,0,-8],"uv":{"north":{"uv":[19,10],"uv_size":[2,9]},"east":{"uv":[29,10],"uv_size":[-7,9]},"south":{"uv":[23,19],"uv_size":[4,9]},"west":{"uv":[22,10],"uv_size":[7,9]},"up":{"uv":[23,26],"uv_size":[-4,-7]},"down":{"uv":[19,19],"uv_size":[4,7]}}}]}]}]}