{"format_version":"1.16.0","minecraft:geometry":[{"description":{"identifier":"geometry.bow_pull_1","texture_width":16,"texture_height":16},"bones":[{"name":"rightitem","pivot":[0,0,0],"texture_meshes":[{"texture":"bow_1","position":[0.5,11.25,0],"rotation":[0,-135,90]}]}]},{"description":{"identifier":"geometry.bow_pull_2","texture_width":16,"texture_height":16},"bones":[{"name":"rightitem","pivot":[0,0,0],"texture_meshes":[{"texture":"bow_2","position":[0.5,11.25,0],"rotation":[0,-135,90]}]}]},{"description":{"identifier":"geometry.bow_pull_3","texture_width":16,"texture_height":16},"bones":[{"name":"rightitem","pivot":[0,0,0],"texture_meshes":[{"texture":"bow_3","position":[0.5,11.25,0],"rotation":[0,-135,90]}]}]},{"description":{"identifier":"geometry.bow_pull_4","texture_width":16,"texture_height":16},"bones":[{"name":"rightitem","pivot":[0,0,0],"texture_meshes":[{"texture":"bow_4","position":[0.5,11.25,0],"rotation":[0,-135,90]}]}]},{"description":{"identifier":"geometry.bow_pull_5","texture_width":16,"texture_height":16},"bones":[{"name":"rightitem","pivot":[0,0,0],"texture_meshes":[{"texture":"bow_5","position":[0.5,11.25,0],"rotation":[0,-135,90]}]}]},{"description":{"identifier":"geometry.bow_pull_6","texture_width":16,"texture_height":16},"bones":[{"name":"rightitem","pivot":[0,0,0],"texture_meshes":[{"texture":"bow_6","position":[0.5,11.25,0],"rotation":[0,-135,90]}]}]},{"description":{"identifier":"geometry.bow","texture_width":16,"texture_height":16},"bones":[{"name":"rightitem","pivot":[0,0,0],"texture_meshes":[{"texture":"default","position":[0.5,11.25,0],"rotation":[0,-135,90]}]}]}]}