{"format_version":"1.12.0","minecraft:geometry":[{"description":{"identifier":"geometry.bucket_empty","texture_width":32,"texture_height":16},"bones":[{"name":"rightItem","pivot":[0,4,0],"cubes":[{"origin":[-3.75,1.8,-3.75],"size":[7.5,6.5,7.5],"uv":{"north":{"uv":[9,0],"uv_size":[9,8]},"east":{"uv":[9,0],"uv_size":[9,8]},"south":{"uv":[9,0],"uv_size":[9,8]},"west":{"uv":[9,0],"uv_size":[9,8]},"up":{"uv":[9,9],"uv_size":[-9,-9]},"down":{"uv":[15,5],"uv_size":[-3,-3]}}},{"origin":[-3.5,-0.1,-3.5],"size":[7,2,7],"inflate":-0.1,"uv":{"north":{"uv":[7,9],"uv_size":[7,2]},"east":{"uv":[7,9],"uv_size":[7,2]},"south":{"uv":[7,9],"uv_size":[7,2]},"west":{"uv":[7,9],"uv_size":[7,2]},"up":{"uv":[6,15],"uv_size":[-5,-5]},"down":{"uv":[7,16],"uv_size":[-7,-7]}}},{"origin":[-3,8.3,-3],"size":[6,-6.5,6],"uv":{"north":{"uv":[7,11],"uv_size":[6,5]},"east":{"uv":[7,11],"uv_size":[6,5]},"south":{"uv":[7,11],"uv_size":[6,5]},"west":{"uv":[7,11],"uv_size":[6,5]}}}]}]},{"description":{"identifier":"geometry.bucket_full","texture_width":32,"texture_height":16},"bones":[{"name":"rightItem","pivot":[0,4,0],"cubes":[{"origin":[-3.75,1.8,-3.75],"size":[7.5,6.5,7.5],"uv":{"north":{"uv":[9,0],"uv_size":[9,8]},"east":{"uv":[9,0],"uv_size":[9,8]},"south":{"uv":[9,0],"uv_size":[9,8]},"west":{"uv":[9,0],"uv_size":[9,8]},"up":{"uv":[9,9],"uv_size":[-9,-9]},"down":{"uv":[15,5],"uv_size":[-3,-3]}}},{"origin":[-3,8.3,-3],"size":[6,-6.5,6],"uv":{"north":{"uv":[7,11],"uv_size":[6,5]},"east":{"uv":[7,11],"uv_size":[6,5]},"south":{"uv":[7,11],"uv_size":[6,5]},"west":{"uv":[7,11],"uv_size":[6,5]}}},{"origin":[-3.5,-0.1,-3.5],"size":[7,2,7],"inflate":-0.1,"uv":{"north":{"uv":[7,9],"uv_size":[7,2]},"east":{"uv":[7,9],"uv_size":[7,2]},"south":{"uv":[7,9],"uv_size":[7,2]},"west":{"uv":[7,9],"uv_size":[7,2]},"up":{"uv":[6,15],"uv_size":[-5,-5]},"down":{"uv":[7,16],"uv_size":[-7,-7]}}}]},{"name":"splash","parent":"rightItem","pivot":[0,0.1,0],"cubes":[{"origin":[-0.875,0.1,-0.875],"size":[1.75,1.35,1.75],"uv":{"north":{"uv":[23,10],"uv_size":[8,6]},"east":{"uv":[23,10.05],"uv_size":[-8,5.95]},"south":{"uv":[15,10.05],"uv_size":[8,5.95]},"west":{"uv":[31,10],"uv_size":[-8,6]}}}]},{"name":"fluid","parent":"rightItem","pivot":[0,7.5,0],"cubes":[{"origin":[-3.3,7.5,-3.3],"size":[6.6,0,6.6],"uv":{"up":{"uv":[26,7],"uv_size":[-7,-7]}}}]}]},{"description":{"identifier":"geometry.bucket_drinkable","texture_width":32,"texture_height":16},"bones":[{"name":"rightItem","pivot":[0,4,0]},{"name":"bucket","parent":"rightItem","pivot":[0,4,0],"cubes":[{"origin":[-3.75,1.8,-3.75],"size":[7.5,6.5,7.5],"uv":{"north":{"uv":[9,0],"uv_size":[9,8]},"east":{"uv":[9,0],"uv_size":[9,8]},"south":{"uv":[9,0],"uv_size":[9,8]},"west":{"uv":[9,0],"uv_size":[9,8]},"up":{"uv":[9,9],"uv_size":[-9,-9]},"down":{"uv":[15,5],"uv_size":[-3,-3]}}},{"origin":[-3,8.3,-3],"size":[6,-6.5,6],"uv":{"north":{"uv":[7,11],"uv_size":[6,5]},"east":{"uv":[7,11],"uv_size":[6,5]},"south":{"uv":[7,11],"uv_size":[6,5]},"west":{"uv":[7,11],"uv_size":[6,5]}}},{"origin":[-3.5,-0.1,-3.5],"size":[7,2,7],"inflate":-0.1,"uv":{"north":{"uv":[7,9],"uv_size":[7,2]},"east":{"uv":[7,9],"uv_size":[7,2]},"south":{"uv":[7,9],"uv_size":[7,2]},"west":{"uv":[7,9],"uv_size":[7,2]},"up":{"uv":[6,15],"uv_size":[-5,-5]},"down":{"uv":[7,16],"uv_size":[-7,-7]}}}]},{"name":"fluid","parent":"bucket","pivot":[0,6.5,0],"cubes":[{"origin":[-3.5,6.5,-3.5],"size":[7,0,7],"uv":{"up":{"uv":[26,7],"uv_size":[-7,-7]}}}]},{"name":"splash","parent":"bucket","pivot":[0,0.1,0],"cubes":[{"origin":[-0.875,0.1,-0.875],"size":[1.75,1.35,1.75],"uv":{"north":{"uv":[23,10],"uv_size":[8,6]},"east":{"uv":[23,10.05],"uv_size":[-8,5.95]},"south":{"uv":[15,10.05],"uv_size":[8,5.95]},"west":{"uv":[31,10],"uv_size":[-8,6]}}}]}]},{"description":{"identifier":"geometry.bucket_snow","texture_width":32,"texture_height":16},"bones":[{"name":"rightItem","pivot":[0,4,0],"cubes":[{"origin":[0,7.25,-3],"size":[3,2,3],"pivot":[1.5,-0.5,-1.5],"rotation":[0,15,0],"uv":{"north":{"uv":[26,0],"uv_size":[3,2]},"east":{"uv":[26,0],"uv_size":[3,2]},"south":{"uv":[26,0],"uv_size":[3,2]},"west":{"uv":[26,0],"uv_size":[3,2]},"up":{"uv":[29,3],"uv_size":[-3,-3]}}},{"origin":[-3.25,7,-1.75],"size":[5,3,5],"pivot":[-0.75,9,0.75],"rotation":[0,0,-12.5],"uv":{"north":{"uv":[26,0],"uv_size":[5,3]},"east":{"uv":[26,0],"uv_size":[5,3]},"south":{"uv":[26,0],"uv_size":[5,3]},"west":{"uv":[26,0],"uv_size":[5,3]},"up":{"uv":[31,5],"uv_size":[-5,-5]}}},{"origin":[-3.5,8,-3.5],"size":[7,0,7],"uv":{"up":{"uv":[25,7],"uv_size":[-7,-7]}}},{"origin":[-3.75,1.8,-3.75],"size":[7.5,6.5,7.5],"uv":{"north":{"uv":[14,8],"uv_size":[9,8]},"east":{"uv":[9,0],"uv_size":[9,8]},"south":{"uv":[14,8],"uv_size":[9,8]},"west":{"uv":[9,0],"uv_size":[9,8]},"up":{"uv":[9,9],"uv_size":[-9,-9]},"down":{"uv":[15,5],"uv_size":[-3,-3]}}},{"origin":[-3,8.3,-3],"size":[6,-6.5,6],"uv":{"north":{"uv":[7,11],"uv_size":[6,5]},"east":{"uv":[7,11],"uv_size":[6,5]},"south":{"uv":[7,11],"uv_size":[6,5]},"west":{"uv":[7,11],"uv_size":[6,5]}}},{"origin":[-3.5,-0.1,-3.5],"size":[7,2,7],"inflate":-0.1,"uv":{"north":{"uv":[7,9],"uv_size":[7,2]},"east":{"uv":[7,9],"uv_size":[7,2]},"south":{"uv":[7,9],"uv_size":[7,2]},"west":{"uv":[7,9],"uv_size":[7,2]},"down":{"uv":[7,16],"uv_size":[-7,-7]}}}]}]},{"description":{"identifier":"geometry.bucket_tadpole","texture_width":16,"texture_height":16},"bones":[{"name":"rightItem","pivot":[0,4,0]},{"name":"mob","parent":"rightItem","pivot":[0,4,0]},{"name":"mob_body","parent":"mob","pivot":[0,8,0],"rotation":[-25,0,0],"cubes":[{"origin":[-1.5,7,-2],"size":[3,2,3],"uv":{"north":{"uv":[3,3],"uv_size":[3,2]},"east":{"uv":[0,3],"uv_size":[3,2]},"south":{"uv":[9,3],"uv_size":[3,2]},"west":{"uv":[6,3],"uv_size":[3,2]},"up":{"uv":[6,0],"uv_size":[-3,3]},"down":{"uv":[9,3],"uv_size":[-3,-3]}}},{"origin":[0,7,1],"size":[0,2,4.5],"pivot":[0,9,1],"rotation":[-20,0,0],"uv":{"east":{"uv":[0,7],"uv_size":[4.5,2]},"west":{"uv":[0,0],"uv_size":[0,0]}}}]}]},{"description":{"identifier":"geometry.bucket_cod","texture_width":32,"texture_height":32},"bones":[{"name":"rightItem","pivot":[0,6,0]},{"name":"mob","parent":"rightItem","pivot":[0,4,0],"rotation":[0,45,0]},{"name":"mob_body","parent":"mob","pivot":[0.1,10.5,-0.05],"rotation":[-30,0,0],"cubes":[{"origin":[-0.9,9,-4.05],"size":[2,3,3],"uv":{"north":{"uv":[14,3],"uv_size":[2,3]},"east":{"uv":[16,3],"uv_size":[3,3]},"west":{"uv":[11,3],"uv_size":[3,3]},"up":{"uv":[16,3],"uv_size":[-2,-3]},"down":{"uv":[18,3],"uv_size":[-2,-3]}}},{"origin":[-0.9,9,-1.05],"size":[2,3,5],"uv":{"east":{"uv":[0,7],"uv_size":[5,3]},"south":{"uv":[16,7],"uv_size":[2,3]},"west":{"uv":[11,7],"uv_size":[5,3]},"up":{"uv":[9,0],"uv_size":[-2,5]},"down":{"uv":[11,5],"uv_size":[-2,-5]}}},{"origin":[0.1,12,-2.05],"size":[0,1,5],"uv":{"east":{"uv":[26,0],"uv_size":[-5,1]},"west":{"uv":[21,0],"uv_size":[5,1]}}},{"origin":[-2.9,10,-2.05],"size":[2,0,2],"pivot":[-0.9,10,-1.05],"rotation":[80,47.5,-17.5],"uv":{"up":{"uv":[28,6],"uv_size":[-2,-2]},"down":{"uv":[28,4],"uv_size":[-2,2]}}},{"origin":[1.1,10,-2.05],"size":[2,0,2],"pivot":[1.1,10,-1.05],"rotation":[80,-47.5,17.5],"uv":{"up":{"uv":[26,6],"uv_size":[2,-2]},"down":{"uv":[26,4],"uv_size":[2,2]}}},{"origin":[0.1,8,-0.05],"size":[0,1,2],"uv":{"east":{"uv":[23,0],"uv_size":[-2,1]},"west":{"uv":[21,0],"uv_size":[2,1]}}}]}]},{"description":{"identifier":"geometry.bucket_salmon","texture_width":32,"texture_height":32},"bones":[{"name":"rightItem","pivot":[0,4,0]},{"name":"mob","parent":"rightItem","pivot":[0,4,0],"rotation":[0,45,0]},{"name":"mob_body","parent":"mob","pivot":[0,8.5,0],"rotation":[-37.5,0,0],"cubes":[{"origin":[-0.75,7,-4.8125],"size":[1.5,3,2.25],"pivot":[0,8.5,-2.75],"rotation":[15,0,0],"uv":{"north":{"uv":[25,3],"uv_size":[2,4]},"east":{"uv":[22,3],"uv_size":[3,4]},"west":{"uv":[25,3],"uv_size":[-3,4]},"up":{"uv":[27,0],"uv_size":[-2,3]},"down":{"uv":[29,0],"uv_size":[-2,3]}}},{"origin":[-1.125,6.625,-2.75],"size":[2.25,3.75,6],"inflate":0.02,"uv":{"north":{"uv":[8,8],"uv_size":[3,5]},"east":{"uv":[0,8],"uv_size":[8,5]},"south":{"uv":[19,8],"uv_size":[3,5]},"west":{"uv":[8,8],"uv_size":[-8,5]},"up":{"uv":[11,2],"uv_size":[-3,6]},"down":{"uv":[14,8],"uv_size":[-3,-6]}}},{"origin":[-2.625,7.375,-2.375],"size":[1.5,0,1.5],"pivot":[-1.125,7.375,-1.625],"rotation":[80,47.5,-17.5],"uv":{"up":{"uv":[6,2],"uv_size":[-2,-2]}}},{"origin":[1.125,7.375,-2.375],"size":[1.5,0,1.5],"pivot":[1.125,7.375,-1.625],"rotation":[80,-47.5,17.5],"uv":{"up":{"uv":[4,2],"uv_size":[2,-2]},"down":{"uv":[4,0],"uv_size":[2,2]}}},{"origin":[0,10.375,1],"size":[0,1.5,2.25],"uv":{"west":{"uv":[32,19],"uv_size":[-3,2]}}}]}]},{"description":{"identifier":"geometry.bucket_clownfish","texture_width":16,"texture_height":8},"bones":[{"name":"rightItem","pivot":[0,6,0]},{"name":"mob","parent":"rightItem","pivot":[0,8,0],"rotation":[0,45,0]},{"name":"mob_body","parent":"mob","pivot":[0,10.5,-0.75],"rotation":[-35,0,0],"cubes":[{"origin":[-1,9,-3.75],"size":[2,3,6],"uv":{"north":{"uv":[6,0],"uv_size":[2,3]},"east":{"uv":[0,0],"uv_size":[6,3]},"south":{"uv":[6,0],"uv_size":[2,3]},"west":{"uv":[6,0],"uv_size":[-6,3]},"up":{"uv":[10,6],"uv_size":[-2,-6]},"down":{"uv":[8,2],"uv_size":[-2,6]}}},{"origin":[0,12,-2.75],"size":[0,1,4],"uv":{"east":{"uv":[14,0.5],"uv_size":[-4,0.5]},"west":{"uv":[10,0.5],"uv_size":[4,0.5]}}},{"origin":[0,9,2.25],"size":[0,3,3],"uv":{"east":{"uv":[4,4],"uv_size":[-3,3]},"west":{"uv":[1,4],"uv_size":[3,3]}}},{"origin":[1,9,-1.75],"size":[0,2,2],"pivot":[1,10,-1.75],"rotation":[0,40,0],"uv":{"west":{"uv":[2,4],"uv_size":[2,2]}}},{"origin":[-1,9,-1.75],"size":[0,2,2],"pivot":[-1,10,-1.75],"rotation":[0,-40,0],"uv":{"east":{"uv":[4,4],"uv_size":[-2,2]}}}]}]},{"description":{"identifier":"geometry.bucket_pufferfish","texture_width":32,"texture_height":32},"bones":[{"name":"rightItem","pivot":[0,6,0]},{"name":"mob","parent":"rightItem","pivot":[0,6,0]},{"name":"smol_puffer","parent":"mob","pivot":[0,9,0],"cubes":[{"origin":[-1.5,8,-1.5],"size":[3,2,3],"uv":{"north":{"uv":[3,30],"uv_size":[3,2]},"east":{"uv":[0,30],"uv_size":[3,2]},"south":{"uv":[9,30],"uv_size":[3,2]},"west":{"uv":[6,30],"uv_size":[3,2]},"up":{"uv":[6,27],"uv_size":[-3,3]},"down":{"uv":[9,30],"uv_size":[-3,-3]}}},{"origin":[-1.5,9,1.5],"size":[3,0,2],"pivot":[0,9,2.5],"rotation":[0,0,90],"uv":{"up":{"uv":[3,0],"uv_size":[-3,2]}}},{"origin":[1.5,9,-1.5],"size":[1,0,2],"uv":{"up":{"uv":[28,2],"uv_size":[-1,-2]}}},{"origin":[-2.5,9,-1.5],"size":[1,0,2],"uv":{"up":{"uv":[28,2],"uv_size":[-1,-2]}}}]},{"name":"smol_righteye","parent":"smol_puffer","pivot":[-1,10.5,-1],"cubes":[{"origin":[-1.5,10,-1.5],"size":[1,1,1],"uv":{"north":{"uv":[29,7],"uv_size":[1,1]},"east":{"uv":[28,7],"uv_size":[1,1]},"south":{"uv":[31,7],"uv_size":[1,1]},"west":{"uv":[30,7],"uv_size":[1,1]},"up":{"uv":[30,6],"uv_size":[-1,1]}}}]},{"name":"smol_lefteye","parent":"smol_puffer","pivot":[1,10.5,-1],"cubes":[{"origin":[0.5,10,-1.5],"size":[1,1,1],"uv":{"north":{"uv":[25,7],"uv_size":[1,1]},"east":{"uv":[24,7],"uv_size":[1,1]},"south":{"uv":[27,7],"uv_size":[1,1]},"west":{"uv":[26,7],"uv_size":[1,1]},"up":{"uv":[26,6],"uv_size":[-1,1]}}}]},{"name":"med_puffer","parent":"mob","pivot":[0,9,0],"cubes":[{"origin":[-2.5,6.5,-2.5],"size":[5,5,5],"uv":{"north":{"uv":[17,27],"uv_size":[5,5]},"east":{"uv":[12,27],"uv_size":[5,5]},"south":{"uv":[27,27],"uv_size":[5,5]},"west":{"uv":[22,27],"uv_size":[5,5]},"up":{"uv":[22,22],"uv_size":[-5,5]},"down":{"uv":[27,27],"uv_size":[-5,-5]}}},{"origin":[2.5,10.5,-1.5],"size":[2,0,2],"uv":{"up":{"uv":[28,0],"uv_size":[-2,2]},"down":{"uv":[28,2],"uv_size":[-2,-2]}}},{"origin":[-4.5,10.5,-1.5],"size":[2,0,2],"uv":{"up":{"uv":[28,3],"uv_size":[-2,2]},"down":{"uv":[28,5],"uv_size":[-2,-2]}}},{"origin":[-2.5,11.5,-2.5],"size":[5,1,0],"uv":{"north":{"uv":[19,17],"uv_size":[5,1]},"south":{"uv":[24,17],"uv_size":[-5,1]}}},{"origin":[-3.5,6.5,-2.5],"size":[1,5,0],"pivot":[-2.5,9,-2.5],"rotation":[0,-45,0],"uv":{"north":{"uv":[5,17],"uv_size":[1,5]},"south":{"uv":[6,17],"uv_size":[-1,5]}}},{"origin":[2.5,6.5,-2.5],"size":[1,5,0],"pivot":[2.5,9,-2.5],"rotation":[0,45,0],"uv":{"north":{"uv":[1,17],"uv_size":[1,5]},"south":{"uv":[2,17],"uv_size":[-1,5]}}},{"origin":[-2.5,11.5,2.5],"size":[5,1,0],"uv":{"north":{"uv":[21,17],"uv_size":[-5,1]},"south":{"uv":[16,17],"uv_size":[5,1]}}},{"origin":[2.5,6.5,2.5],"size":[1,5,0],"pivot":[2.5,9,2.5],"rotation":[0,-45,0],"uv":{"north":{"uv":[1,17],"uv_size":[1,5]},"south":{"uv":[2,17],"uv_size":[-1,5]}}}]},{"name":"big_puffer","parent":"mob","pivot":[0,9,0],"cubes":[{"origin":[-4,7,-4],"size":[8,6,8],"uv":{"north":{"uv":[8,8],"uv_size":[8,6]},"east":{"uv":[0,8],"uv_size":[8,6]},"south":{"uv":[24,8],"uv_size":[8,6]},"west":{"uv":[16,8],"uv_size":[8,6]},"up":{"uv":[16,0],"uv_size":[-8,8]},"down":{"uv":[24,8],"uv_size":[-8,-8]}}},{"origin":[-4,13,-4],"size":[8,1,0],"uv":{"north":{"uv":[15,17],"uv_size":[8,1]},"south":{"uv":[23,17],"uv_size":[-8,1]}}},{"origin":[4,8,-4],"size":[1,5,0],"uv":{"north":{"uv":[1,17],"uv_size":[1,5]},"south":{"uv":[2,17],"uv_size":[-1,5]}}},{"origin":[-5,8,-4],"size":[1,5,0],"uv":{"north":{"uv":[5,17],"uv_size":[1,5]},"south":{"uv":[6,17],"uv_size":[-1,5]}}},{"origin":[-3.2,10.75,-3.85],"size":[2.8,1.5,0],"uv":{"north":{"uv":[0,5],"uv_size":[2,1]}}},{"origin":[0.6,10.75,-3.85],"size":[2.8,1.5,0],"uv":{"north":{"uv":[2,5],"uv_size":[-2,1]}}},{"origin":[-4,13,0],"size":[8,1,0],"uv":{"north":{"uv":[15,17],"uv_size":[8,1]},"south":{"uv":[23,17],"uv_size":[-8,1]}}},{"origin":[4,8,0],"size":[1,5,0],"uv":{"north":{"uv":[5,17],"uv_size":[1,5]},"south":{"uv":[6,17],"uv_size":[-1,5]}}},{"origin":[-5,8,0],"size":[1,5,0],"uv":{"north":{"uv":[9,17],"uv_size":[1,5]},"south":{"uv":[10,17],"uv_size":[-1,5]}}},{"origin":[-4,13,4],"size":[8,1,0],"uv":{"north":{"uv":[15,17],"uv_size":[8,1]},"south":{"uv":[23,17],"uv_size":[-8,1]}}},{"origin":[4,8,4],"size":[1,5,0],"uv":{"north":{"uv":[9,17],"uv_size":[1,5]},"south":{"uv":[10,17],"uv_size":[-1,5]}}},{"origin":[-5,8,4],"size":[1,5,0],"uv":{"north":{"uv":[9,17],"uv_size":[1,5]},"south":{"uv":[10,17],"uv_size":[-1,5]}}}]},{"name":"puff_right_eye","parent":"big_puffer","pivot":[-2.5,11.5,-3.975],"cubes":[{"origin":[-3.025,10.975,-3.975],"size":[1.05,1.05,0],"uv":{"north":{"uv":[0,7],"uv_size":[1,1]}}}]},{"name":"puff_left_eye","parent":"big_puffer","pivot":[2.5,11.5,-3.975],"cubes":[{"origin":[1.975,10.975,-3.975],"size":[1.05,1.05,0],"uv":{"north":{"uv":[0,7],"uv_size":[1,1]}}}]},{"name":"right_fin_puffer","parent":"big_puffer","pivot":[-4,12,-2],"cubes":[{"origin":[-6,12,-3],"size":[2,0,2],"uv":{"up":{"uv":[28,3],"uv_size":[-2,2]},"down":{"uv":[28,5],"uv_size":[-2,-2]}}}]},{"name":"left_fin_puffer","parent":"big_puffer","pivot":[4,12,-2],"cubes":[{"origin":[4,12,-3],"size":[2,0,2],"uv":{"up":{"uv":[28,0],"uv_size":[-2,2]},"down":{"uv":[28,2],"uv_size":[-2,-2]}}}]}]},{"description":{"identifier":"geometry.bucket_axolotl","texture_width":32,"texture_height":16},"bones":[{"name":"rightItem","pivot":[0,4,0]},{"name":"axolotl","parent":"rightItem","pivot":[0,4.5,0]},{"name":"axo_body","parent":"axolotl","pivot":[0,4.5,0],"cubes":[{"origin":[-4,4.5,-2],"size":[8,8,4],"uv":{"north":{"uv":[0,8],"uv_size":[8,-8]},"east":{"uv":[24,0],"uv_size":[4,8]},"south":{"uv":[0,16],"uv_size":[8,-8]},"west":{"uv":[28,0],"uv_size":[-4,8]},"up":{"uv":[24,9],"uv_size":[-8,4]},"down":{"uv":[24,4],"uv_size":[-8,-4]}}},{"origin":[0,4.5,2],"size":[0,8,1],"uv":{"east":{"uv":[28,0],"uv_size":[1,8]},"west":{"uv":[29,0],"uv_size":[-1,8]}}}]},{"name":"axo_head","parent":"axo_body","pivot":[0,12,1],"cubes":[{"origin":[-4,10,-3.5],"size":[8,5,5],"uv":{"north":{"uv":[8,0],"uv_size":[8,5]},"east":{"uv":[24,8],"uv_size":[5,5]},"south":{"uv":[16,4],"uv_size":[8,5]},"west":{"uv":[29,8],"uv_size":[-5,5]},"up":{"uv":[16,5],"uv_size":[-8,5]},"down":{"uv":[16,15],"uv_size":[-8,-5]}}},{"origin":[-4,15,0.5],"size":[8,3,0],"uv":{"north":{"uv":[16,13],"uv_size":[8,3]},"south":{"uv":[24,13],"uv_size":[-8,3]}}},{"origin":[-7,10,0.5],"size":[3,7,0],"uv":{"north":{"uv":[29,5],"uv_size":[3,7]},"south":{"uv":[32,5],"uv_size":[-3,7]}}},{"origin":[4,10,0.5],"size":[3,7,0],"uv":{"north":{"uv":[32,5],"uv_size":[-3,7]},"south":{"uv":[29,5],"uv_size":[3,7]}}}]},{"name":"axo_rightArm","parent":"axo_body","pivot":[-3.5,11.5,-2],"cubes":[{"origin":[-5,6.5,-2],"size":[3,5,0],"uv":{"north":{"uv":[29,0],"uv_size":[3,5]},"south":{"uv":[32,0],"uv_size":[-3,5]}}}]},{"name":"axo_leftArm","parent":"axo_body","pivot":[3.5,11.5,-2],"cubes":[{"origin":[2,6.5,-2],"size":[3,5,0],"uv":{"north":{"uv":[32,0],"uv_size":[-3,5]},"south":{"uv":[29,0],"uv_size":[3,5]}}}]}]}]}