{"format_version":"1.16.0","minecraft:geometry":[{"description":{"identifier":"geometry.torch","texture_width":8,"texture_height":8},"bones":[{"name":"rightItem","pivot":[0,0,0],"cubes":[{"origin":[-0.75,-1,-0.75],"size":[1.5,6,1.5],"uv":{"north":{"uv":[0.05,0],"uv_size":[1.9,8]},"east":{"uv":[0.05,0],"uv_size":[1.9,8]},"south":{"uv":[0.05,0],"uv_size":[1.9,8]},"west":{"uv":[0.05,0],"uv_size":[1.9,8]},"down":{"uv":[3.95,1.95],"uv_size":[-1.9,-1.9]}}},{"origin":[-0.75,5,-0.75],"size":[1.5,1.5,1.5],"uv":{"north":{"uv":[2.05,2.05],"uv_size":[1.9,1.9]},"east":{"uv":[3.95,2.05],"uv_size":[-1.9,1.9]},"south":{"uv":[2.05,2.05],"uv_size":[1.9,1.9]},"west":{"uv":[3.95,2.05],"uv_size":[-1.9,1.9]},"up":{"uv":[3.95,5.95],"uv_size":[-1.9,-1.9]}}}]},{"name":"flame","parent":"rightItem","pivot":[0,5.25,0]},{"name":"flame_y","parent":"flame","pivot":[0,6.25,-1],"cubes":[{"origin":[-1.5,5,-1],"size":[3,6,0],"uv":{"north":{"uv":[4,0],"uv_size":[4,8]}}}]}]},{"description":{"identifier":"geometry.redstone_torch","texture_width":8,"texture_height":8},"bones":[{"name":"rightItem","pivot":[0,0,0],"cubes":[{"origin":[-0.75,-1,-0.75],"size":[1.5,6,1.5],"uv":{"north":{"uv":[0.05,0],"uv_size":[1.9,8]},"east":{"uv":[0.05,0],"uv_size":[1.9,8]},"south":{"uv":[0.05,0],"uv_size":[1.9,8]},"west":{"uv":[0.05,0],"uv_size":[1.9,8]},"down":{"uv":[3.95,1.95],"uv_size":[-1.9,-1.9]}}},{"origin":[-1.5,5,-0.75],"size":[3,2.25,1.5],"uv":{"north":{"uv":[4,4],"uv_size":[4,3]},"south":{"uv":[4,4],"uv_size":[4,3]}}},{"origin":[-0.75,5,-1.5],"size":[1.5,2.25,3],"uv":{"east":{"uv":[4,4],"uv_size":[4,3]},"west":{"uv":[4,4],"uv_size":[4,3]}}},{"origin":[-0.75,7.25,-0.75],"size":[1.5,-0.75,1.5],"uv":{"north":{"uv":[5,4],"uv_size":[2,1]},"east":{"uv":[5,4],"uv_size":[2,1]},"south":{"uv":[5,4],"uv_size":[2,1]},"west":{"uv":[5,4],"uv_size":[2,1]},"up":{"uv":[7,7],"uv_size":[-2,-2]}}},{"origin":[-1.5,5,-1.5],"size":[0.75,1.5,0.75],"uv":{"south":{"uv":[4,5],"uv_size":[1,2]},"west":{"uv":[4,5],"uv_size":[1,2]}}},{"origin":[-1.5,5,0.75],"size":[0.75,1.5,0.75],"uv":{"north":{"uv":[4,5],"uv_size":[1,2]},"west":{"uv":[4,5],"uv_size":[1,2]}}},{"origin":[0.75,5,0.75],"size":[0.75,1.5,0.75],"uv":{"north":{"uv":[4,5],"uv_size":[1,2]},"east":{"uv":[4,5],"uv_size":[1,2]}}},{"origin":[0.75,5,-1.5],"size":[0.75,1.5,0.75],"uv":{"east":{"uv":[4,5],"uv_size":[1,2]},"south":{"uv":[4,5],"uv_size":[1,2]}}}]}]},{"description":{"identifier":"geometry.redstone_crystal","texture_width":18,"texture_height":18},"bones":[{"name":"prop","pivot":[0,0,0],"cubes":[{"origin":[-4,0,-4],"size":[8,12,8],"uv":{"north":{"uv":[0,0],"uv_size":[8,12]},"east":{"uv":[0,0],"uv_size":[8,12]},"south":{"uv":[0,0],"uv_size":[8,12]},"west":{"uv":[0,0],"uv_size":[8,12]},"up":{"uv":[16,8],"uv_size":[-8,-8]}}},{"origin":[-7,0,-1],"size":[3,9,4],"uv":{"north":{"uv":[8,8],"uv_size":[3,9]},"east":{"uv":[8,8],"uv_size":[4,9]},"south":{"uv":[9,8],"uv_size":[3,9]},"up":{"uv":[8,16],"uv_size":[-3,-4]}}},{"origin":[2,0,2],"size":[5,5,5],"uv":{"north":{"uv":[0,12],"uv_size":[5,5]},"east":{"uv":[0,12],"uv_size":[5,5]},"south":{"uv":[0,12],"uv_size":[5,5]},"west":{"uv":[0,12],"uv_size":[5,5]},"up":{"uv":[17,13],"uv_size":[-5,-5]}}},{"origin":[-5,0,-7],"size":[5,5,5],"uv":{"north":{"uv":[0,12],"uv_size":[5,5]},"east":{"uv":[0,12],"uv_size":[5,5]},"south":{"uv":[0,12],"uv_size":[5,5]},"west":{"uv":[0,12],"uv_size":[5,5]},"up":{"uv":[17,13],"uv_size":[-5,-5]}}},{"origin":[2,0,-6],"size":[4,4,4],"uv":{"north":{"uv":[12,13],"uv_size":[4,4]},"east":{"uv":[12,13],"uv_size":[4,4]},"south":{"uv":[12,13],"uv_size":[4,4]},"west":{"uv":[12,13],"uv_size":[4,4]},"up":{"uv":[16,12],"uv_size":[-4,-4]}}}]}]},{"description":{"identifier":"geometry.lantern","texture_width":16,"texture_height":7},"bones":[{"name":"rightItem","pivot":[0,7.5,0],"cubes":[{"origin":[-2.25,0,-2.25],"size":[4.5,5.25,4.5],"uv":{"north":{"uv":[0,0],"uv_size":[6,7]},"east":{"uv":[0,0],"uv_size":[6,7]},"south":{"uv":[0,0],"uv_size":[6,7]},"west":{"uv":[0,0],"uv_size":[6,7]},"up":{"uv":[12,6],"uv_size":[-6,-6]},"down":{"uv":[6,15],"uv_size":[-6,-6]}}},{"origin":[-1.5,5.25,-1.5],"size":[3,1.5,3],"uv":{"north":{"uv":[12,0],"uv_size":[4,2]},"east":{"uv":[12,0],"uv_size":[4,2]},"south":{"uv":[12,0],"uv_size":[4,2]},"west":{"uv":[12,0],"uv_size":[4,2]},"up":{"uv":[11,5],"uv_size":[-4,-4]},"down":{"uv":[0,16],"uv_size":[0,0]}}},{"origin":[-1.125,6.75,0],"size":[2.25,1.5,0],"pivot":[0,0,0],"rotation":[0,45,0],"uv":{"south":{"uv":[12,2],"uv_size":[3,2]}}},{"origin":[-1.125,6.75,0],"size":[2.25,1.5,0],"pivot":[0,0,0],"rotation":[0,-45,0],"uv":{"south":{"uv":[15,2],"uv_size":[-3,2]}}}]}]},{"description":{"identifier":"geometry.campfire","texture_width":16,"texture_height":16,"visible_bounds_width":2,"visible_bounds_height":2.5,"visible_bounds_offset":[0,0.75,0]},"bones":[{"name":"block","pivot":[0,0,0],"binding":"q.item_slot_to_bone_name('main_hand')","cubes":[{"origin":[-7,3,-6],"size":[14,4,4],"uv":{"north":{"uv":[0,0],"uv_size":[14,4]},"east":{"uv":[4,4],"uv_size":[-4,4]},"south":{"uv":[2,0],"uv_size":[14,4]},"west":{"uv":[0,4],"uv_size":[4,4]},"up":{"uv":[14,4],"uv_size":[-14,-4]},"down":{"uv":[16,4],"uv_size":[-14,-4]}}},{"origin":[-7,3,2],"size":[14,4,4],"uv":{"north":{"uv":[0,0],"uv_size":[14,4]},"east":{"uv":[4,4],"uv_size":[-4,4]},"south":{"uv":[2,0],"uv_size":[14,4]},"west":{"uv":[4,4],"uv_size":[-4,4]},"up":{"uv":[2,4],"uv_size":[14,-4]},"down":{"uv":[16,4],"uv_size":[-14,-4]}}},{"origin":[-7,6,-6],"size":[14,4,4],"pivot":[0,0,0],"rotation":[0,-90,0],"uv":{"north":{"uv":[0,0],"uv_size":[14,4]},"east":{"uv":[4,4],"uv_size":[-4,4]},"south":{"uv":[2,0],"uv_size":[14,4]},"west":{"uv":[0,4],"uv_size":[4,4]},"up":{"uv":[14,4],"uv_size":[-14,-4]},"down":{"uv":[16,4],"uv_size":[-14,-4]}}},{"origin":[-7,6,-6],"size":[14,4,4],"pivot":[0,0,0],"rotation":[0,90,0],"uv":{"north":{"uv":[0,0],"uv_size":[14,4]},"east":{"uv":[4,4],"uv_size":[-4,4]},"south":{"uv":[2,0],"uv_size":[14,4]},"west":{"uv":[0,4],"uv_size":[4,4]},"up":{"uv":[14,4],"uv_size":[-14,-4]},"down":{"uv":[16,4],"uv_size":[-14,-4]}}},{"origin":[-6,3,-2],"size":[12,1,4],"uv":{"east":{"uv":[2,9],"uv_size":[4,1]},"west":{"uv":[6,10],"uv_size":[-4,1]},"up":{"uv":[14,14],"uv_size":[-12,-4]},"down":{"uv":[14,14],"uv_size":[-12,-4]}}}]}]},{"description":{"identifier":"geometry.brazier","texture_width":32,"texture_height":32},"bones":[{"name":"prop","pivot":[0,0,0],"cubes":[{"origin":[-7,6,-7],"size":[14,2,14],"uv":{"north":{"uv":[0,23],"uv_size":[14,2]},"east":{"uv":[0,23],"uv_size":[14,2]},"south":{"uv":[0,23],"uv_size":[14,2]},"west":{"uv":[0,23],"uv_size":[14,2]},"up":{"uv":[28,14],"uv_size":[-14,-14]},"down":{"uv":[14,14],"uv_size":[-14,-14]}}},{"origin":[-1,0,-8],"size":[2,8,2],"pivot":[0,0,-7],"rotation":[-45,0,0],"uv":{"north":{"uv":[6,6],"uv_size":[2,8]},"east":{"uv":[6,6],"uv_size":[2,8]},"south":{"uv":[6,6],"uv_size":[2,8]},"west":{"uv":[6,6],"uv_size":[2,8]},"down":{"uv":[2,2],"uv_size":[-2,-2]}}},{"origin":[-8,0,-1],"size":[2,8,2],"pivot":[-7,0,0],"rotation":[0,0,45],"uv":{"north":{"uv":[6,6],"uv_size":[2,8]},"east":{"uv":[6,6],"uv_size":[2,8]},"south":{"uv":[6,6],"uv_size":[2,8]},"west":{"uv":[6,6],"uv_size":[2,8]},"down":{"uv":[2,2],"uv_size":[-2,-2]}}},{"origin":[6,0,-1],"size":[2,8,2],"pivot":[7,0,0],"rotation":[0,0,-45],"uv":{"north":{"uv":[6,6],"uv_size":[2,8]},"east":{"uv":[6,6],"uv_size":[2,8]},"south":{"uv":[6,6],"uv_size":[2,8]},"west":{"uv":[6,6],"uv_size":[2,8]},"down":{"uv":[2,2],"uv_size":[-2,-2]}}},{"origin":[-1,0,6],"size":[2,8,2],"pivot":[0,0,7],"rotation":[45,0,0],"uv":{"north":{"uv":[6,6],"uv_size":[2,8]},"east":{"uv":[6,6],"uv_size":[2,8]},"south":{"uv":[6,6],"uv_size":[2,8]},"west":{"uv":[6,6],"uv_size":[2,8]},"down":{"uv":[2,2],"uv_size":[-2,-2]}}},{"origin":[-2.5,8,-2.5],"size":[5,2,5],"uv":{"north":{"uv":[15,7],"uv_size":[5,2]},"east":{"uv":[15,1],"uv_size":[5,2]},"south":{"uv":[15,3],"uv_size":[5,2]},"west":{"uv":[15,5],"uv_size":[5,2]},"up":{"uv":[26,6],"uv_size":[-5,-5]}}}]},{"name":"other","parent":"prop","pivot":[0,0,0],"cubes":[{"origin":[-7,8,-7],"size":[14,9,14],"uv":{"north":{"uv":[0,14],"uv_size":[14,9]},"east":{"uv":[0,14],"uv_size":[14,9]},"south":{"uv":[0,14],"uv_size":[14,9]},"west":{"uv":[0,14],"uv_size":[14,9]}}}]}]},{"description":{"identifier":"geometry.big_torch","texture_width":32,"texture_height":32},"bones":[{"name":"prop","pivot":[0,0,0],"cubes":[{"origin":[-5.1,0,-5.1],"size":[10.2,4,10.2],"uv":{"north":{"uv":[22,24],"uv_size":[10,4]},"east":{"uv":[22,24],"uv_size":[10,4]},"south":{"uv":[22,24],"uv_size":[10,4]},"west":{"uv":[22,24],"uv_size":[10,4]},"up":{"uv":[32,24],"uv_size":[-10,-10]},"down":{"uv":[32,24],"uv_size":[-10,-10]}}},{"origin":[-4.1,4,-4.1],"size":[8.2,8,8.2],"uv":{"north":{"uv":[14,14],"uv_size":[8,8]},"east":{"uv":[14,14],"uv_size":[8,8]},"south":{"uv":[14,14],"uv_size":[8,8]},"west":{"uv":[14,14],"uv_size":[8,8]}}},{"origin":[-5,12,-5],"size":[10,1,10],"uv":{"up":{"uv":[26,10],"uv_size":[-10,-10]},"down":{"uv":[30,22],"uv_size":[-6,-6]}}},{"origin":[-5,12,-7],"size":[10,5,2],"uv":{"north":{"uv":[10,25],"uv_size":[10,5]},"south":{"uv":[20,25],"uv_size":[-10,5]},"up":{"uv":[20,32],"uv_size":[-10,-2]},"down":{"uv":[32,30],"uv_size":[-10,-2]}}},{"origin":[-5,12,-7],"size":[10,5,2],"pivot":[0,0,0],"rotation":[0,-90,0],"uv":{"north":{"uv":[0,25],"uv_size":[10,5]},"south":{"uv":[0,25],"uv_size":[10,5]},"up":{"uv":[10,32],"uv_size":[-10,-2]},"down":{"uv":[32,30],"uv_size":[-10,-2]}}},{"origin":[-5,12,-7],"size":[10,5,2],"pivot":[0,0,0],"rotation":[0,90,0],"uv":{"north":{"uv":[0,25],"uv_size":[10,5]},"south":{"uv":[0,25],"uv_size":[10,5]},"up":{"uv":[10,32],"uv_size":[-10,-2]},"down":{"uv":[32,30],"uv_size":[-10,-2]}}},{"origin":[-5,12,5],"size":[10,5,2],"uv":{"north":{"uv":[0,25],"uv_size":[10,5]},"south":{"uv":[0,25],"uv_size":[10,5]},"up":{"uv":[10,30],"uv_size":[-10,2]},"down":{"uv":[32,28],"uv_size":[-10,2]}}},{"origin":[-7,12,-7],"size":[2,7,2],"uv":{"north":{"uv":[20,25],"uv_size":[2,7]},"east":{"uv":[22,25],"uv_size":[-2,7]},"south":{"uv":[20,25],"uv_size":[2,7]},"west":{"uv":[22,25],"uv_size":[-2,7]},"up":{"uv":[24,32],"uv_size":[-2,-2]},"down":{"uv":[26,32],"uv_size":[-2,-2]}}},{"origin":[-7,12,5],"size":[2,7,2],"uv":{"north":{"uv":[22,25],"uv_size":[-2,7]},"east":{"uv":[20,25],"uv_size":[2,7]},"south":{"uv":[22,25],"uv_size":[-2,7]},"west":{"uv":[20,25],"uv_size":[2,7]},"up":{"uv":[24,30],"uv_size":[-2,2]},"down":{"uv":[26,30],"uv_size":[-2,2]}}},{"origin":[5,12,5],"size":[2,7,2],"uv":{"north":{"uv":[20,25],"uv_size":[2,7]},"east":{"uv":[22,25],"uv_size":[-2,7]},"south":{"uv":[20,25],"uv_size":[2,7]},"west":{"uv":[22,25],"uv_size":[-2,7]},"up":{"uv":[22,30],"uv_size":[2,2]},"down":{"uv":[24,30],"uv_size":[2,2]}}},{"origin":[5,12,-7],"size":[2,7,2],"uv":{"north":{"uv":[22,25],"uv_size":[-2,7]},"east":{"uv":[20,25],"uv_size":[2,7]},"south":{"uv":[22,25],"uv_size":[-2,7]},"west":{"uv":[20,25],"uv_size":[2,7]},"up":{"uv":[22,32],"uv_size":[2,-2]},"down":{"uv":[24,32],"uv_size":[2,-2]}}}]}]}]}