{"format_version":"1.16.0","minecraft:geometry":[{"description":{"identifier":"geometry.spyglass","texture_width":16,"texture_height":16},"bones":[{"name":"spyglass","pivot":[0,0,0],"binding":"q.item_slot_to_bone_name(q.main_hand_item_use_duration>0.0f?'body':'main_hand')"},{"name":"spyglass_axis","parent":"spyglass","pivot":[0,0,-5.25],"cubes":[{"origin":[-5,-1,-1],"size":[5,2,2],"pivot":[0,0,0],"rotation":[0,-90,0],"uv":[0,4]},{"origin":[-11.1,-1.1,-1.1],"size":[6.2,2.2,2.2],"pivot":[0,0,0],"rotation":[0,-90,0],"uv":[0,0]}]}]},{"description":{"identifier":"geometry.telescope","texture_width":20,"texture_height":20},"bones":[{"name":"prop","pivot":[0,0,0],"cubes":[{"origin":[-3,12.5,-8],"size":[6,6,3],"pivot":[0,15.5,0],"rotation":[-30,0,0],"uv":{"north":{"uv":[0,0],"uv_size":[6,6]},"east":{"uv":[6,0],"uv_size":[3,6]},"south":{"uv":[4,10],"uv_size":[3,3]},"west":{"uv":[9,0],"uv_size":[-3,6]},"up":{"uv":[14,11],"uv_size":[-6,-3]},"down":{"uv":[14,8],"uv_size":[-6,3]}}},{"origin":[-2,13.5,-5],"size":[4,4,8],"pivot":[0,15.5,0],"rotation":[-30,0,0],"uv":{"east":{"uv":[0,6],"uv_size":[8,4]},"south":{"uv":[13,0],"uv_size":[4,4]},"west":{"uv":[8,6],"uv_size":[-8,4]},"up":{"uv":[13,8],"uv_size":[-4,-8]},"down":{"uv":[13,0],"uv_size":[-4,8]}}},{"origin":[-1.5,14,3],"size":[3,3,6],"pivot":[0,15.5,0],"rotation":[-30,0,0],"uv":{"east":{"uv":[7,14],"uv_size":[6,3]},"south":{"uv":[9,11],"uv_size":[3,3]},"west":{"uv":[13,14],"uv_size":[-6,3]},"up":{"uv":[7,19],"uv_size":[-3,-6]},"down":{"uv":[7,13],"uv_size":[-3,6]}}},{"origin":[-1,11,-1],"size":[2,3,2],"uv":{"north":{"uv":[7,11],"uv_size":[2,3]},"east":{"uv":[7,11],"uv_size":[2,3]},"south":{"uv":[7,11],"uv_size":[2,3]},"west":{"uv":[7,11],"uv_size":[2,3]}}},{"origin":[-1,-2,-1],"size":[2,12,2],"pivot":[0,10,0],"rotation":[-33,-60,0],"uv":{"north":{"uv":[14,4],"uv_size":[2,12]},"east":{"uv":[14,4],"uv_size":[2,12]},"south":{"uv":[14,4],"uv_size":[2,12]},"west":{"uv":[14,4],"uv_size":[2,12]},"down":{"uv":[16,3],"uv_size":[-2,-2]}}},{"origin":[-1,-2,-1],"size":[2,12,2],"pivot":[0,10,0],"rotation":[-33,60,0],"uv":{"north":{"uv":[14,4],"uv_size":[2,12]},"east":{"uv":[14,4],"uv_size":[2,12]},"south":{"uv":[14,4],"uv_size":[2,12]},"west":{"uv":[14,4],"uv_size":[2,12]},"down":{"uv":[16,3],"uv_size":[-2,-2]}}},{"origin":[-1,-2,-1],"size":[2,12,2],"pivot":[0,10,0],"rotation":[-33,180,0],"uv":{"north":{"uv":[14,4],"uv_size":[2,12]},"east":{"uv":[14,4],"uv_size":[2,12]},"south":{"uv":[14,4],"uv_size":[2,12]},"west":{"uv":[14,4],"uv_size":[2,12]},"down":{"uv":[16,3],"uv_size":[-2,-2]}}},{"origin":[-2,9,-2],"size":[4,2,4],"uv":{"north":{"uv":[0,14],"uv_size":[4,2]},"east":{"uv":[0,14],"uv_size":[4,2]},"south":{"uv":[0,14],"uv_size":[4,2]},"west":{"uv":[0,14],"uv_size":[4,2]},"up":{"uv":[4,14],"uv_size":[-4,-4]},"down":{"uv":[4,14],"uv_size":[-4,-4]}}}]}]}]}