{
  "format_version":"1.10.0",
  "minecraft:attachable":{
    "description":{
      "identifier":"minecraft:elytra",
      "materials":{
	"default":"elytra",
	"enchanted":"elytra_glint"
      },
      "textures":{
	"default":"textures/models/armor/elytra",
	"enchanted":"textures/misc/enchanted_item_glint"
      },
      "geometry":{
	"default":"geometry.elytra"
      },
      "animations":{
	"default_controller":"controller.animation.elytra.default",
	"particle_controller":"controller.animation.elytra.particles",
	"default":"animation.elytra.default",
	"gliding":"animation.elytra.gliding",
	"sneaking":"animation.elytra.sneaking",
	"sleeping":"animation.elytra.sleeping",
	"swimming":"animation.elytra.swimming"
      },
      "scripts":{
	"parent_setup":"variable.chest_layer_visible = 1;",
	"animate":["default_controller","particle_controller"]
      },
      "particle_effects":{
	"trail":"act:elytra_trails"
      },
      "render_controllers":["controller.render.armor"]
    }
  }
}
