{
  "format_version":"1.10.0",
  "minecraft:attachable":{
    "description":{
      "identifier":"minecraft:ender_pearl.item",
      "item":{"minecraft:ender_pearl":"q.owner_identifier == 'minecraft:player'"},
      "materials":{
	"default":"entity_testing_test",
	"glint":"entity_emissive",
	"core":"entity"
      },
      "textures":{
	"default":"textures/entity/projectile/pearl_opaque"
      },
      "geometry":{
	"default":"geometry.ender_pearl_item"
      },
      "render_controllers":[{"controller.render.end_pearl":"!c.is_first_person"}],
      "animations":{
	"3rd":"animation.item.pearl"
      },
      "scripts":{
	"animate":["3rd"]
      }
    }
  }
}
