{
  "format_version":"1.10.0",
  "minecraft:attachable":{
    "description":{
      "identifier":"minecraft:totem_of_undying",
      "materials":{
	"default":"entity","hurt":"entity_emissive_alpha_one_sided","faded":"entity_alphablend"
      },
      "textures":{
	"default":"textures/models/held_item/totem"
      },
      "geometry":{
	"default":"geometry.totem"
      },
      "scripts":{
	"initialize":[
	  "v.health = 0;",
	  "v.hurt = 0;"
	],
	"animate":[
	  {"3rd":"!c.is_first_person && !q.is_name_any('§§')"},
	  {"1st":"c.is_first_person"},
	  "controller_hurt"
	]
      },
      "animations":{
	"3rd":"animation.item.totem",
	"1st":"animation.item.first_person.totem",
	"flash":"animation.item.totem_flash",
	"controller_hurt":"controller.animation.totem.hurt"
      },
      "render_controllers":[
	{"controller.render.totem_3rd":"!c.is_first_person"},
	{"controller.render.totem_1st":"c.is_first_person"}
      ]
    }
  }
}
