{"format_version":"1.10.0","minecraft:client_entity":{"description":{"identifier":"minecraft:polar_bear","min_engine_version":"1.8.0","materials":{"default":"entity"},"textures":{"default":"textures/entity/polar"},"geometry":{"default":"geometry.bear"},"scripts":{"pre_animation":["0;"],"initialize":["v.standing=0;"],"scale":"1.25","animate":["controller_baby","controller_in_air","controller_attack","controller_stand","controller_fire","look_at_target","blink"]},"animations":{"look_at_target":"animation.bear.target","baby_transform":"animation.polarbear.baby_transform","attack":"animation.bear.attack","blink":"animation.step.blink_eye","stand":"animation.bear.stand","down":"animation.bear.down","idle":"animation.bear.idle","walk":"animation.bear.walk","idle_baby":"animation.bear.idle_baby","walk_baby":"animation.bear.walk_baby","stand_walk":"animation.bear.stand_walk","float":"animation.quadruped.swim_big","jump_timer":"animation.jump_timer","jump":"animation.bear.jump","fall":"animation.bear.fall","land":"animation.quadruped.land","controller_attack":"controller.animation.entity.attack","controller_stand":"controller.animation.bear.stand","controller_move":"controller.animation.bear.move","controller_baby":"controller.animation.bear.baby","controller_in_air":"controller.animation.in_air","controller_jump":"controller.animation.quadruped_up","controller_fall":"controller.animation.quadruped_dn","controller_land":"controller.animation.quadruped_land","controller_fire":"controller.animation.entity.on_fire"},"particle_effects":{"dust":"act:dust_big","fire":"act:on_fire_large","combust":"act:combust_large","impact":"act:water_impact_big","splash":"act:water_splash_big","ripples":"act:water_ripples_big"},"render_controllers":["controller.render.default"],"spawn_egg":{"base_color":"#eeeede","overlay_color":"#d5d6cd"}}}}