{"format_version":"1.10.0","minecraft:client_entity":{"description":{"identifier":"minecraft:bee","materials":{"default":"entity_alphatest_one_sided","eyes":"entity_custom"},"textures":{"default":"textures/entity/bee/default","angry":"textures/entity/bee/angry","nectar":"textures/entity/bee/nectar","angry_nectar":"textures/entity/bee/angry_nectar"},"geometry":{"default":"geometry.bee_anim","small":"geometry.bee_small"},"scripts":{"animate":["spawn","target","blink","flying","bobbing",{"stingerless":"query.mark_variant==1"},"controller_pollen","controller_attack","controller_fire"]},"animations":{"spawn":"animation.bee_anim.spawn","flying":"animation.bee_anim.flying","bobbing":"animation.bee_anim.bobbing","stingerless":"animation.bee.no_stinger","attack":"animation.bee_anim.sting","target":"animation.bee_anim.target","blink":"animation.bee_anim.blink","controller_pollen":"controller.animation.bee.drip","controller_attack":"controller.animation.entity.attack","controller_fire":"controller.animation.entity.on_fire"},"particle_effects":{"nectar_dripping":"minecraft:nectar_drip_particle","fire":"act:on_fire_tiny","combust":"act:combust_tiny"},"render_controllers":["controller.render.bee_anim"],"spawn_egg":{"texture":"egg_bee","texture_index":0}}}}