{"format_version":"1.8.0","minecraft:client_entity":{"description":{"identifier":"minecraft:blaze","min_engine_version":"1.8.0","materials":{"default":"entity_alphatest_one_sided","solid":"entity"},"textures":{"default":"textures/entity/citrinitas"},"geometry":{"default":"geometry.blaze_anim"},"animations":{"look_at_target":"animation.horizontal.target","attack":"animation.blaze_anim.range_attack","death_anim":"animation.blaze_anim.death","death_rot":"animation.anthro.death_rot_1","move":"animation.blaze_anim.move","blink":"animation.blink.1"},"particle_effects":{"charged_flames":"minecraft:mobflame_emitter","glow":"act:blaze_glow","death":"act:blaze_death"},"animation_controllers":[{"flame":"controller.animation.blaze.attack"},{"move":"controller.animation.blaze.anim"}],"render_controllers":["controller.render.blaze_anim"],"spawn_egg":{"texture":"spawn_egg","texture_index":21}}}}