{"format_version":"1.10.0","minecraft:client_entity":{"description":{"identifier":"minecraft:zombie_horse","min_engine_version":"1.17.10","materials":{"default":"entity_alphatest","alpha":"entity_alphatest"},"textures":{"default":"textures/entity/horse2/horse_zombie"},"geometry":{"default":"geometry.horse_anim"},"animations":{"baby_transform":"animation.horse_anim.baby","float":"animation.horse_anim.float","idle_timer":"animation.idle_timer_short","idle_0":"animation.horse_anim.idle_2","idle_1":"animation.horse_anim.idle_1","idle_2":"animation.horse_anim.idle_5","idle":"animation.horse_anim.idle","walk":"animation.horse_anim.walk","run":"animation.horse_anim.trot","jump_timer":"animation.jump_timer","jump":"animation.horse_anim.jump","fall":"animation.horse_anim.fall","land":"animation.horse_anim.land","look_at_player":"animation.horse_anim.target","controller_idle":"controller.animation.entity.idle_peaceful","controller_move":"controller.animation.quadruped_movement","controller_land":"controller.animation.horse_anim.land","controller_fall":"controller.animation.quadruped_dn","controller_jump":"controller.animation.quadruped_up","controller_in_air":"controller.animation.in_air"},"scripts":{"pre_animation":["0;"],"animate":["idle",{"baby_transform":"query.is_baby"},"look_at_player","controller_in_air","controller_move"]},"render_controllers":["controller.render.equine_anim"],"spawn_egg":{"texture":"spawn_egg","texture_index":33}}}}