{"format_version":"1.10.0","minecraft:client_entity":{"description":{"identifier":"minecraft:fireworks_rocket","materials":{"default":"entity"},"textures":{"default":"textures/entity/rocket"},"geometry":{"default":"geometry.rocket"},"animations":{"move":"animation.rocket.move","trail":"controller.animation.rocket_trail"},"scripts":{"animate":["move","trail"]},"particle_effects":{"trail":"act:firework_trail","trail_elytra":"act:firework_trail_elytra"},"render_controllers":["controller.render.fireworks_rocket_oh"]}}}}