{"format_version":"1.10.0","minecraft:client_entity":{"description":{"identifier":"minecraft:evocation_illager","min_engine_version":"1.8.0","materials":{"default":"entity_alphatest_culling"},"textures":{"default":"textures/entity/illager/evoker_anim"},"geometry":{"default":"geometry.illager_2"},"scripts":{"scale":"0.9375","animate":["controller_base","controller_angry",{"riding.legs":"q.is_riding"},"controller_on_fire","controller_spell"]},"animations":{"bob":"animation.illager.base","blink":"animation.blink.0","casting_0":"animation.illager.spell","casting_1":"animation.illager.spell_aim","look_at_target":"animation.humanoid.target","mad":"animation.illager.mad","jump_timer":"animation.jump_timer","jump":"animation.illager.jump","fall":"animation.illager.fall","land":"animation.anthro.land_mob","vert_cap":"animation.villager.vertical_block","float":"animation.villager.floating","run":"animation.illager.sprint_evoker","walk":"animation.illager.run_evoker","riding.legs":"animation.anthro.riding_legs","celebrating":"animation.illager.celebrate","die_anim":"animation.anthro.death_3","controller_on_fire":"controller.animation.entity.on_fire","controller_angry":"controller.animation.evoker.angry","controller_spell":"controller.animation.evoker.spell","controller_base":"controller.animation.evoker.base","controller_move":"controller.animation.illager.move","controller_land":"controller.animation.land","controller_fall":"controller.animation.fall","controller_jump":"controller.animation.jump"},"particle_effects":{"spell_1":"act:evoker_spell_1","spell_2":"act:evoker_spell_2","spell_gold":"act:spell_gold","spell_blue":"act:spell_blue","vanish":"act:evoker_death","light_beam":"act:telepill","fire":"act:on_fire_humanoid","combust":"act:combust_humanoid","dust":"act:dust_medium","dust_right":"act:running_dust_0","dust_left":"act:running_dust_1","impact":"act:water_impact_mid","splash":"act:water_splash_mid","ripples":"act:water_ripples"},"render_controllers":["controller.render.evoker_oh"],"spawn_egg":{"texture":"spawn_egg","texture_index":40}}}}