{"format_version":"1.10.0","minecraft:client_entity":{"description":{"identifier":"minecraft:phantom","materials":{"default":"entity","glow":"entity_emissive","wings":"entity_alphatest"},"textures":{"default":"textures/entity/phantom"},"geometry":{"default":"geometry.phantom_anim"},"scripts":{"initialize":["0;"],"animate":["base","controller_fire","controller_flight"]},"animations":{"controller_particles":"controller.animation.phantom.particles","controller_flight":"controller.animation.phantom.flight","controller_fire":"controller.animation.entity.on_fire","base":"animation.phantom_anim.pitch_n_roll","wind":"animation.phantom_anim.wind","flap":"animation.phantom_anim.flap","flap_fast":"animation.phantom_anim.flap_fast"},"particle_effects":{"wing_trail":"minecraft:phantom_trail","fire":"act:on_fire_root","combust":"act:combust_root"},"sound_effects":{"flap":"mob.phantom.flap"},"render_controllers":[{"controller.render.phantom_anim":"!q.is_invisible"}],"spawn_egg":{"texture":"spawn_egg","texture_index":51}}}}