{"format_version":"1.10.0","minecraft:client_entity":{"description":{"identifier":"minecraft:zombie_pigman","min_engine_version":"1.8.0","materials":{"default":"entity_alphatest_culling","eyes":"entity_emissive_alpha_one_sided"},"textures":{"default":"textures/entity/piglin/zombified","brute":"textures/entity/piglin/zombified_brute"},"geometry":{"default":"geometry.z_piglin"},"scripts":{"pre_animation":["0;"],"animate":["controller_ride","controller_aggro","controller_attack","blink","look_at_target_default",{"humanoid_big_head":"q.is_baby"}]},"animations":{"humanoid_big_head":"animation.piglin.big_head","pose_0":"animation.z_piglin.idle_pose_0","pose_1":"animation.z_piglin.idle_pose_1","pose_2":"animation.z_piglin.idle_pose_2","pose_3":"animation.z_piglin.idle_pose_3","idle_timer":"animation.idle_timer_short","idle_0":"animation.piglin.idle_anim_0","idle_1":"animation.piglin.idle_anim_1","idle_2":"animation.piglin.idle_anim_2","has_target":"animation.zombie.has_target","attack":"animation.zombie.attack","blink":"animation.step.blink_eye","look_at_target_default":"animation.anthro.target","walk":"animation.piglin.walk_zombie","run":"animation.piglin.run_0","walk_baby":"animation.piglin.run_baby_zombie","run_baby":"animation.piglin.sprint_baby_zombie","lazy_wield":"animation.z_piglin.lazy_wield","baby_wield":"animation.z_piglin.baby_wield","jump_timer":"animation.jump_timer","jump":"animation.piglin.jump","fall":"animation.piglin.fall","land":"animation.anthro.land_mob","vert_cap":"animation.piglin.vertical_cap","riding.legs":"animation.anthro.riding_legs","controller_pose":"controller.animation.villager_z.idle_pose","controller_idle":"controller.animation.entity.idle_hostile","controller_ride":"controller.animation.z_piglin.is_riding","controller_move":"controller.animation.hostile.move","controller_wield":"controller.animation.weapon.wield","controller_aggro":"controller.animation.zombie.aggro","controller_attack":"controller.animation.entity.attack","controller_jump":"controller.animation.jump","controller_fall":"controller.animation.fall","controller_land":"controller.animation.land"},"particle_effects":{"impact":"act:water_impact_mid","splash":"act:water_splash_mid","ripples":"act:water_ripples","dust":"act:dust_medium"},"render_controllers":["controller.render.z_piglin"],"enable_attachables":true,"spawn_egg":{"texture":"spawn_egg","texture_index":13}}}}