{"format_version":"1.10.0","minecraft:client_entity":{"description":{"identifier":"minecraft:egg","materials":{"default":"entity"},"textures":{"beige":"textures/entity/projectile/egg_0","brown":"textures/entity/projectile/egg_1","tan":"textures/entity/projectile/egg_2","white":"textures/entity/projectile/egg_3"},"geometry":{"default":"geometry.egg_anim"},"render_controllers":["controller.render.egg"],"animations":{"flying":"animation.projectile.snowball","controller_splash":"controller.animation.entity.water_splash"},"scripts":{"initialize":["variable.colour=math.random_integer(0,3);","variable.rotate=math.random_integer(0,11)*30;"],"animate":["flying","controller_splash"]},"particle_effects":{"impact":"act:water_impact_tiny","splash":"act:water_splash_tiny","ripples":"act:water_ripples"}}}}