{"format_version":"1.10.0","minecraft:client_entity":{"description":{"identifier":"minecraft:xp_bottle","materials":{"default":"entity_emissive","bottle":"entity_alphablend"},"textures":{"xp_b0":"textures/entity/potion/xp/xp0","xp_b1":"textures/entity/potion/xp/xp1","xp_b2":"textures/entity/potion/xp/xp2","xp_b3":"textures/entity/potion/xp/xp3"},"geometry":{"default":"geometry.splashy"},"render_controllers":["controller.render.xp_bottle_anim"],"animations":{"flying":"animation.projectile.bottle","splash":"controller.animation.entity.water_splash"},"scripts":{"animate":["flying","splash"]},"particle_effects":{"impact":"act:water_impact_tiny","splash":"act:water_splash_tiny","ripples":"act:water_ripples"}}}}