{"format_version":"1.10.0","minecraft:client_entity":{"description":{"identifier":"minecraft:ender_pearl","materials":{"default":"entity_beam_additive","glint":"entity_emissive","core":"entity"},"textures":{"default":"textures/entity/projectile/pearl_opaque"},"geometry":{"default":"geometry.endpearl_oh"},"render_controllers":["controller.render.end_pearl"],"animations":{"flying":"animation.projectile.end_pearl","controller_splash":"controller.animation.entity.water_splash"},"scripts":{"animate":["flying","controller_splash"]},"particle_effects":{"trail":"act:pearl_trail","impact":"act:water_impact_tiny","splash":"act:water_splash_tiny","ripples":"act:water_ripples"}}}}