{"format_version":"1.10.0","minecraft:client_entity":{"description":{"identifier":"minecraft:sheep","min_engine_version":"1.8.0","materials":{"default":"entity_change_color_culling","head":"entity_alphatest_change_color_culling"},"textures":{"default":"textures/entity/sheep/0"},"geometry":{"default":"geometry.sheep_anim","sheared":"geometry.sheep_anim_sheared"},"animations":{"look_at_target":"animation.local_space.target","body_rotate":"animation.quadruped.rotation","idle":"animation.quadruped.breathe","idle_0":"animation.cow_idle.anim_0","idle_1":"animation.cow_idle.anim_2","idle_timer":"animation.idle_timer","blink":"animation.step.blink","grazing":"animation.sheep_oh.grazing","jump_timer":"animation.jump_timer","jump":"animation.quadruped.jump","fall":"animation.quadruped.fall","land":"animation.quadruped.land","walk":"animation.quadruped.sheep_walk","run":"animation.quadruped.sheep_run","swim":"animation.quadruped.swim_big","baby_transform":"animation.sheep.baby_transform","target_rotation":"controller.animation.quadruped_rotation","controller_grazing":"controller.animation.sheep_anim.grazing","controller_move":"controller.animation.sheep_anim.movement","controller_fire":"controller.animation.entity.on_fire","controller_idle":"controller.animation.entity.idle","controller_in_air":"controller.animation.in_air","controller_jump":"controller.animation.quadruped_up","controller_fall":"controller.animation.quadruped_dn","controller_land":"controller.animation.quadruped_land"},"scripts":{"animate":["idle","blink","look_at_target","target_rotation","controller_in_air","controller_grazing","controller_move","controller_fire",{"baby_transform":"query.is_baby"}]},"particle_effects":{"dust":"act:dust_medium","fire":"act:on_fire_quadruped","combust":"act:combust_humanoid","impact":"act:water_impact_mid","splash":"act:water_splash_mid","ripples":"act:water_ripples"},"render_controllers":["controller.render.sheep_oh"],"spawn_egg":{"texture":"spawn_egg","texture_index":3}}}}