{"format_version":"1.8.0","minecraft:client_entity":{"description":{"identifier":"minecraft:slime","materials":{"default":"slime","goo":"slime_outer"},"textures":{"default":"textures/entity/slime/slime_oh"},"geometry":{"default":"geometry.slime_oh"},"scripts":{"pre_animation":["variable.gelatinousness=math.clamp((2/query.variant),0.35,1.25);"],"scale":"query.variant"},"animations":{"idle":"animation.slime.idle","timer_jump":"animation.slime.timer_jump","timer_land":"animation.slime.timer_land","jump":"animation.slime.jump","fall":"animation.slime.fall","land":"animation.slime.land","controller_jump":"controller.animation.slime_jump","controller_fall":"controller.animation.slime_fall","controller_land":"controller.animation.slime_land"},"animation_controllers":[{"general":"controller.animation.slime_always_on"},{"in_air":"controller.animation.in_air"}],"render_controllers":["controller.render.slime_oh"],"spawn_egg":{"texture":"spawn_egg","texture_index":10}}}}