{"format_version":"1.8.0","minecraft:client_entity":{"description":{"identifier":"minecraft:snow_golem","min_engine_version":"1.8.0","materials":{"default":"entity"},"textures":{"default":"textures/entity/snowgolem"},"geometry":{"default":"geometry.snowgolem_anim"},"animations":{"idle":"animation.snow_golem.idle","move":"animation.snow_golem.walk","land":"animation.snow_golem.land","fall":"animation.snow_golem.fall","jump":"animation.snow_golem.jump","jump_timer":"animation.jump_timer","vert_cap":"animation.jump_timer","look_at_target":"animation.snow_golem.target","controller_jump":"controller.animation.jump","controller_fall":"controller.animation.fall","controller_land":"controller.animation.land"},"animation_controllers":[{"in_air":"controller.animation.in_air"},{"idle":"controller.animation.snow_golem.idle"},{"move":"controller.animation.snow_golem.move"}],"render_controllers":["controller.render.snowgolem"],"particle_effects":{"impact":"act:water_impact_mid","splash":"act:water_splash_mid","ripples":"act:water_ripples"},"spawn_egg":{"base_color":"#d9f2f2","overlay_color":"#81a4a4"}}}}