{"format_version":"1.10.0","minecraft:client_entity":{"description":{"identifier":"minecraft:strider","materials":{"default":"strider"},"textures":{"default":"textures/entity/strider/strider","saddled":"textures/entity/strider/strider_saddled","suffocated":"textures/entity/strider/strider_suffocated","suffocated_saddled":"textures/entity/strider/strider_suffocated_saddled"},"geometry":{"default":"geometry.strider_anim"},"scripts":{"pre_animation":["0;"],"animate":["controller_has_rider","controller_is_riding","bob","blink"]},"animations":{"blink":"animation.blink.0","look_at_target":"animation.strider.target","look_at_target.ridden":"animation.strider.target_ridden","bob":"animation.strider.idle_bob","walk":"animation.strider.walkin","jump_timer":"animation.jump_timer","jump":"animation.strider.jump","fall":"animation.strider.fall","land":"animation.strider.land","controller_has_rider":"controller.animation.strider.has_rider","controller_is_riding":"controller.animation.strider.is_riding","controller_jump":"controller.animation.quadruped_up","controller_fall":"controller.animation.quadruped_dn","controller_land":"controller.animation.quadruped_land","controller_move":"controller.animation.strider.move"},"particle_effects":{"impact":"act:water_impact_mid","splash":"act:water_splash_mid","ripples":"act:water_ripples","dust":"act:dust_medium"},"render_controllers":["controller.render.strider"],"spawn_egg":{"base_color":"#9c3436","overlay_color":"#4d494d"}}}}