{"format_version":"1.8.0","minecraft:client_entity":{"description":{"identifier":"minecraft:turtle","materials":{"default":"entity","head":"entity_alphatest_culling"},"textures":{"default":"textures/entity/turtle"},"geometry":{"default":"geometry.tortl","baby":"geometry.baby_tortl"},"animations":{"blink":"animation.step.blink","bob":"animation.turtle.bob_0","float":"animation.turtle.float","general":"animation.turtle.general","move":"animation.turtle.swim","ground_move":"animation.turtle.crawl","vert_cap":"animation.turtle.vert_cap","look_at_target":"animation.turtle.target","target":"animation.global_space.target","baby":"animation.turtle.baby_setup","jump_timer":"animation.jump_timer","jump":"animation.turtle.jump","fall":"animation.turtle.fall","land":"animation.turtle.land","controller_jump":"controller.animation.jump","controller_fall":"controller.animation.fall","controller_land":"controller.animation.land"},"animation_controllers":[{"move":"controller.animation.turtle.move"},{"controller_in_air":"controller.animation.in_air"},{"general":"controller.animation.turtle.general"}],"particle_effects":{"dust":"act:dust_medium","fire":"act:on_fire_tiny","combust":"act:combust_tiny","impact":"act:water_impact_turtle","splash":"act:water_splash_turtle","ripples":"act:water_ripples"},"render_controllers":["controller.render.turtle_anim"],"spawn_egg":{"texture":"spawn_egg","texture_index":50}}}}