{"format_version":"1.8.0","minecraft:client_entity":{"description":{"identifier":"minecraft:zombie_villager_v2","materials":{"default":"entity_base_culling","masked":"entity_multitexture_masked_culling","hat":"villager_v2_masked"},"textures":{"base":"textures/entity/zombie/zombie_villager_oh","desert":"textures/entity/zombie_villager2/biomes/biome-desert-zombie","jungle":"textures/entity/zombie_villager2/biomes/biome-jungle-zombie","plains":"textures/entity/zombie_villager2/biomes/biome-plains-zombie","savanna":"textures/entity/zombie_villager2/biomes/biome-savanna-zombie","snow":"textures/entity/zombie_villager2/biomes/biome-snow-zombie","swamp":"textures/entity/zombie_villager2/biomes/biome-swamp-zombie","taiga":"textures/entity/zombie_villager2/biomes/biome-taiga-zombie","armorer":"textures/entity/zombie_villager2/professions/armorer","butcher":"textures/entity/zombie_villager2/professions/butcher","cartographer":"textures/entity/zombie_villager2/professions/cartographer","cleric":"textures/entity/zombie_villager2/professions/cleric","farmer":"textures/entity/zombie_villager2/professions/farmer","fisherman":"textures/entity/zombie_villager2/professions/fisherman","fletcher":"textures/entity/zombie_villager2/professions/fletcher","leatherworker":"textures/entity/zombie_villager2/professions/leatherworker","librarian":"textures/entity/zombie_villager2/professions/librarian","shepherd":"textures/entity/zombie_villager2/professions/shepherd","tool_smith":"textures/entity/zombie_villager2/professions/toolsmith","weapon_smith":"textures/entity/zombie_villager2/professions/weaponsmith","stonemason":"textures/entity/zombie_villager2/professions/stonemason","nitwit":"textures/entity/zombie_villager2/professions/nitwit","unskilled":"textures/entity/villager2/professions/unskilled"},"geometry":{"default":"geometry.zombie_villager_anim"},"scripts":{"pre_animation":["variable.num_professions=15;","variable.profession_index=((query.variant<variable.num_professions)?query.variant:0);"]},"animations":{"humanoid_big_head":"animation.villager.baby_transform","humanoid_base_pose":"animation.humanoid.base_pose","look_at_target_default":"animation.villager.target","move":"animation.zombie_villager.move","move_baby":"animation.zombie.move_baby","move_in_water":"animation.zombie.move_in_water","move_raised_arms":"animation.zombie_villager.move_raised_arms","has_target":"animation.zombie.has_target","attack":"animation.zombie.attack","riding.legs":"animation.humanoid.riding.legs","pose_0":"animation.zombie_villager.idle_pose_0","pose_1":"animation.zombie_villager.idle_pose_1","pose_2":"animation.zombie_villager.idle_pose_2","pose_3":"animation.zombie_villager.idle_pose_3","jump_timer":"animation.jump_timer","jump":"animation.zombie.jump","fall":"animation.zombie_villager.fall","land":"animation.anthro.land_mob","vert_cap":"animation.zombie.vert_cap","controller_land":"controller.animation.land","controller_jump":"controller.animation.jump","controller_fall":"controller.animation.fall","controller_move":"controller.animation.zombie.move"},"animation_controllers":[{"humanoid_baby_big_head":"controller.animation.zombie_villager.baby"},{"humanoid_base_pose":"controller.animation.humanoid.base_pose"},{"look_at_target":"controller.animation.humanoid.look_at_target"},{"in_air":"controller.animation.in_air"},{"riding":"controller.animation.humanoid.riding"},{"attack":"controller.animation.entity.attack"},{"aggro":"controller.animation.zombie.aggro"},{"fire":"controller.animation.entity.on_fire"},{"bob":"controller.animation.villager_z.idle_pose"}],"render_controllers":["controller.render.villager_v3_base","controller.render.villager_v3_masked"],"particle_effects":{"fire":"act:on_fire_humanoid_scale","combust":"act:combust_humanoid_scale","impact":"act:water_impact_mid","splash":"act:water_splash_mid","ripples":"act:water_ripples","dust":"act:dust_medium"},"enable_attachables":true,"spawn_egg":{"texture":"spawn_egg","texture_index":42}}}}