{"format_version":"1.8.0","minecraft:client_entity":{"description":{"identifier":"minecraft:witch","min_engine_version":"1.8.0","materials":{"default":"entity_alphatest_culling"},"textures":{"default":"textures/entity/villager2/hex"},"geometry":{"default":"geometry.hex_anim"},"scripts":{"scale":"0.9375"},"animations":{"base_pose":"animation.hex.base_pose","blink":"animation.blink.0","drink":"animation.hex.drink","arms_lock":"animation.hex.arms_lock","target":"animation.villager.target","target_potion":"animation.hex.potion_target","attack_0":"animation.hex.attack_sign","attack_1":"animation.hex.attack_throw","jump_timer":"animation.jump_timer","jump":"animation.villager.jump","fall":"animation.villager.fall","land":"animation.anthro.land_mob","vert_cap":"animation.villager.vertical_block","move":"animation.villager.walking","float":"animation.villager.floating","scared":"animation.villager.scared","riding.legs":"animation.anthro.vil_rider","contraction":"animation.villager.contraction","controller_move":"controller.animation.witch.move","controller_land":"controller.animation.land","controller_jump":"controller.animation.jump","controller_fall":"controller.animation.fall"},"animation_controllers":[{"is_riding":"controller.animation.villager.ride"},{"target_ct":"controller.animation.witch.target"},{"attack_ct":"controller.animation.witch.attack"},{"on_fire":"controller.animation.villager_anim.on_fire"},{"general":"controller.animation.witch.base"}],"particle_effects":{"combust":"act:combust_humanoid","fire":"act:on_fire_humanoid","potion_0":"act:potion_ring","potion_1":"act:potion_trnk","dust":"act:dust_medium","impact":"act:water_impact_mid","splash":"act:water_splash_mid","ripples":"act:water_ripples"},"render_controllers":["controller.render.entity_oh"],"enable_attachables":true,"spawn_egg":{"texture":"spawn_egg","texture_index":17}}}}