{"format_version":"1.8.0","minecraft:client_entity":{"description":{"identifier":"minecraft:wolf","materials":{"default":"entity_alphatest_one_sided","collar":"entity_alphatest_change_color_culling"},"textures":{"pale_a":"textures/entity/wolf/wolf_a","pale_b":"textures/entity/wolf/wolf_b","ashen_a":"textures/entity/wolf/ashen_a","ashen_b":"textures/entity/wolf/ashen_b","black_a":"textures/entity/wolf/black_a","black_b":"textures/entity/wolf/black_b","chestnut_a":"textures/entity/wolf/chestnut_a","chestnut_b":"textures/entity/wolf/chestnut_b","rusty_a":"textures/entity/wolf/rusty_a","rusty_b":"textures/entity/wolf/rusty_b","snowy_a":"textures/entity/wolf/snowy_a","snowy_b":"textures/entity/wolf/snowy_b","spotted_a":"textures/entity/wolf/spotted_a","spotted_b":"textures/entity/wolf/spotted_b","striped_a":"textures/entity/wolf/striped_a","striped_b":"textures/entity/wolf/striped_b","woods_a":"textures/entity/wolf/woods_a","woods_b":"textures/entity/wolf/woods_b"},"geometry":{"default":"geometry.wolf_anim"},"scripts":{"pre_animation":["0;"]},"animations":{"wolf_setup":"animation.wolf_anim.stand","wolf_look_at":"animation.wolf_anim.target","wolf_tail_default":"animation.wolf_anim.tail","wolf_baby_scaling":"animation.wolf.baby_scaling","wolf_head_rot_z":"animation.wolf_anim.interested","wolf_aggro":"animation.wolf_anim.has_target","wolf_angry":"animation.wolf_anim.angry","wolf_sitting_cap":"animation.wolf_anim.sitting_cap","wolf_sitting":"animation.wolf_anim.sitting","wolf_standup":"animation.wolf_anim.standup","wolf_shaking":"animation.wolf_anim.shaking","wolf_leg_default":"animation.wolf_anim.trot","wolf_leg_chasing":"animation.wolf_anim.run","wolf_swimming":"animation.wolf_anim.swim","wolf_blink":"animation.blink.1","idle_0":"animation.wolf_anim.idle_anim_0","idle_1":"animation.wolf_anim.idle_anim_1","idle_2":"animation.wolf_anim.idle_anim_2","idle_timer":"animation.idle_timer","jump_timer":"animation.jump_timer","jump":"animation.quadruped.jump","fall":"animation.quadruped.fall","land":"animation.quadruped.land","controller_idle":"controller.animation.entity.idle_peaceful","controller_jump":"controller.animation.quadruped_up","controller_fall":"controller.animation.quadruped_dn","controller_land":"controller.animation.quadruped_land"},"animation_controllers":[{"wolf_setup":"controller.animation.wolf_anim.base_animation"},{"wolf_movement_ct":"controller.animation.wolf_anim.movement"},{"wolf_tamed_controller":"controller.animation.wolf_anim.sit"},{"wolf_interest":"controller.animation.wolf_anim.interested"},{"wolf_shaking_wetness":"controller.animation.wolf.shaking"},{"wolf_has_target":"controller.animation.wolf_anim.angry"},{"controller_fire":"controller.animation.entity.on_fire"},{"controller_in_air":"controller.animation.in_air"}],"particle_effects":{"dust":"act:dust_medium","fire":"act:on_fire_small","combust":"act:combust_tiny","impact":"act:water_impact_small","splash":"act:water_splash_small","ripples":"act:water_ripples"},"render_controllers":["controller.render.wolf_anim"],"spawn_egg":{"texture":"spawn_egg","texture_index":4},"enable_attachables":true}}}