{"format_version":"1.10.0","minecraft:client_entity":{"description":{"identifier":"minecraft:drowned","min_engine_version":"1.16.0","materials":{"default":"entity_emissive_alpha_one_sided","outer":"entity_alphatest_culling"},"textures":{"default":"textures/entity/zombie/drowned"},"geometry":{"default":"geometry.drowned_anim"},"scripts":{"pre_animation":["0;"],"initialize":["variable.pose=math.random_integer(0,2);"],"animate":["controller_pose","controller_in_air","controller_fire","controller_riding","look_at_target"]},"animations":{"humanoid_big_head":"animation.humanoid.big_head","look_at_target":"animation.humanoid.look_at_target.default","pose_0":"animation.zombie.idle_pose_0","pose_1":"animation.zombie.idle_pose_1","pose_2":"animation.zombie.idle_pose_2","pose_3":"animation.zombie.idle_pose_3","move":"animation.zombie.move","move_baby":"animation.zombie.move_baby_run","move_in_water":"animation.zombie.move_in_water","move_raised_arms":"animation.zombie.move_raised_arms","jump_timer":"animation.jump_timer","jump":"animation.zombie.jump","fall":"animation.zombie.fall","land":"animation.anthro.land_mob","vert_cap":"animation.zombie.vert_cap","spear_target":"animation.combat.spear_rot","spear_target_f":"animation.combat.spear_rot_f","brandish_spear":"animation.combat.spear_brandish","throw_spear":"animation.combat.spear_throw","down_spear":"animation.combat.spear_cancel","hold_spear":"animation.combat.hold_weapon","has_target":"animation.zombie.has_target","attack":"animation.zombie.attack","attack_poke":"animation.combat.sword_swing_2","riding.legs":"animation.humanoid.riding.legs","controller_in_air":"controller.animation.in_air","controller_jump":"controller.animation.jump","controller_fall":"controller.animation.fall","controller_land":"controller.animation.land","controller_pose":"controller.animation.drowned.pose","controller_move":"controller.animation.zombie.move","controller_move.baby":"controller.animation.zombie.move.baby","controller_move.raised_arms":"controller.animation.zombie.move.raised_arms","controller_aggro":"controller.animation.zombie.aggro","controller_fire":"controller.animation.entity.on_fire","controller_attack":"controller.animation.entity.attack","controller_trident":"controller.animation.drowned.trident","controller_riding":"controller.animation.entity.riding"},"particle_effects":{"fire":"act:on_fire_humanoid_scale","combust":"act:combust_humanoid_scale","impact":"act:water_impact_mid","splash":"act:water_splash_mid","ripples":"act:water_ripples","dust":"act:dust_medium"},"render_controllers":["controller.render.drowned_oh"],"enable_attachables":true,"spawn_egg":{"texture":"spawn_egg","texture_index":48}}}}